职位名,链接,公司名,工作地点,薪资,经验,学历
Java/Python开发工程师,http://jobs.51job.com/changsha/82701631.html?s=01&t=0,湖南天云软件技术有限公司,长沙,0.8-1.5万/月,3-4年经验,本科
高级Python开发工程师,http://jobs.51job.com/guangzhou-thq/84766991.html?s=01&t=0,广州中广计算机科技有限公司,广州-天河区,1-1.5万/月,5-7年经验,大专
Python运维开发工程师,http://jobs.51job.com/shanghai/91244474.html?s=01&t=0,上海宝尊电子商务有限公司,上海,1-2万/月,2年经验,大专
Python高级开发工程师,http://jobs.51job.com/kunming-xsq/86920853.html?s=01&t=0,昆明信息港传媒有限责任公司,昆明-西山区,0.7-1.2万/月,,大专
云方向业务部门_Python开发工程师,http://jobs.51job.com/beijing-hdq/84089273.html?s=01&t=0,北京思特奇信息技术股份有限公司,北京-海淀区,1-1.5万/月,3-4年经验,本科
Python开发工程师,http://jobs.51job.com/ningbo/82579294.html?s=01&t=0,宁波岳润信息科技有限公司,宁波,1-2万/月,1年经验,大专
python 软件工程师,http://jobs.51job.com/beijing-cyq/87812850.html?s=01&t=0,拍库（北京）科技有限公司,北京-朝阳区,1.5-2.5万/月,,
Python开发工程师,http://jobs.51job.com/kunming-xsq/90089387.html?s=01&t=0,云南酉胥科技有限公司,昆明-西山区,7-9千/月,3-4年经验,大专
测试工程师python,http://jobs.51job.com/beijing-hdq/91314798.html?s=01&t=0,北京文安智能技术股份有限公司,北京-海淀区,1-1.5万/月,,本科
Python讲师,http://jobs.51job.com/beijing/87018614.html?s=01&t=0,北京千锋互联科技有限公司,北京,1.5-2万/月,,
python开发工程师,http://jobs.51job.com/hangzhou-bjq/65882304.html?s=01&t=0,杭州沃趣科技股份有限公司,杭州-滨江区,0.6-1.5万/月,2年经验,
Python开发工程师,http://jobs.51job.com/chengdu-gxq/91544729.html?s=01&t=0,四川上尚善网络科技有限公司,成都-高新区,1-1.2万/月,2年经验,本科
Python开发工程师,http://jobs.51job.com/wuhan/85090499.html?s=01&t=0,武汉朱雀闻天科技有限公司,武汉,15-20万/年,2年经验,本科
Python/Ruby软件开发工程师,http://jobs.51job.com/qingdao-snq/90949061.html?s=01&t=0,青岛青软科技有限公司,青岛-市南区,4-7千/月,,大专
python讲师（***）,http://jobs.51job.com/beijing-hdq/83720306.html?s=01&t=0,北京师大安博教育科技有限责任公司,异地招聘,3-4.5千/月,,大专
课研部主管兼培训讲师（Python方向）,http://jobs.51job.com/chengdu-px/91280386.html?s=01&t=0,成都优易数据有限公司,成都-郫县,0.8-1.5万/月,3-4年经验,本科
Python开发工程师（马尾）,http://jobs.51job.com/fuzhou-mwq/91135898.html?s=01&t=0,福建省钜元国际会展有限公司,福州-马尾区,0.6-1.2万/月,1年经验,大专
Python,http://jobs.51job.com/shenzhen-nsq/88224043.html?s=01&t=0,广州碧软信息科技有限公司,深圳-南山区,0.9-1.5万/月,3-4年经验,大专
Python Engineer Python 开发工程师,http://jobs.51job.com/chengdu-jjq/58578618.html?s=01&t=0,四川摩奇信息技术有限公司,成都-锦江区,7-9千/月,1年经验,本科
Python工程师,http://jobs.51job.com/tianjin/90170374.html?s=01&t=0,南京甄视智能科技有限公司,天津,1-2万/月,,
Python开发工程师,http://jobs.51job.com/guangzhou-thq/85516425.html?s=01&t=0,广州市考拉先生网络科技有限公司,广州-天河区,0.8-1.5万/月,2年经验,大专
Python自动化测试工程师,http://jobs.51job.com/shanghai-hkq/88014403.html?s=01&t=0,中腾信金融信息服务（上海）有限公司,上海-虹口区,1-1.5万/月,,本科
手游后端开发（Python）,http://jobs.51job.com/shanghai-pdxq/90875099.html?s=01&t=0,上海象融蓝海文化传媒有限公司,上海-浦东新区,0.8-1万/月,1年经验,大专
python研发工程师,http://jobs.51job.com/beijing/72822859.html?s=01&t=0,北京首都在线科技股份有限公司,北京,0.8-3万/月,,本科
Python讲师,http://jobs.51job.com/shanghai/89967073.html?s=01&t=0,海文信息技术有限公司,上海,1-1.5万/月,1年经验,本科
Python开发工程师,http://jobs.51job.com/guangzhou-thq/81495735.html?s=01&t=0,广州奇异果互动科技股份有限公司,广州-天河区,0.8-1万/月,1年经验,大专
Python开发工程师,http://jobs.51job.com/shanghai/89716807.html?s=01&t=0,上海南天电脑系统有限公司,上海,1-1.5万/月,,
Python Developer Python开发工程师,http://jobs.51job.com/chengdu/73944430.html?s=01&t=0,昊盈信息技术（成都）有限公司,成都,0.8-1万/月,,本科
"实习生（Java, Python）",http://jobs.51job.com/shanghai-xhq/87570343.html?s=01&t=0,上海驹旗网络科技有限公司,上海-徐汇区,150元/天,无工作经验,本科
Python开发工程师,http://jobs.51job.com/beijing/89020269.html?s=01&t=0,北京迈基诺基因科技股份有限公司,北京,0.8-1万/月,,本科
Python开发工程师（maya插件）,http://jobs.51job.com/beijing-cpq/90709443.html?s=01&t=0,北京若森数字科技有限公司,北京-昌平区,0.8-1.5万/月,,大专
Python运维开发工程师,http://jobs.51job.com/beijing-cyq/85629187.html?s=01&t=0,北京畅行信息技术有限公司,北京-朝阳区,1-1.5万/月,,本科
CG流程工程师/Python程序员,http://jobs.51job.com/hangzhou/79184061.html?s=01&t=0,浙江紫桓华韵影视制作有限公司,杭州,1-3万/月,,本科
Python高级软件工程师,http://jobs.51job.com/suzhou/91592266.html?s=01&t=0,图玛深维医疗科技（苏州）有限公司,苏州,1.5-2万/月,,本科
Python运维开发工程师,http://jobs.51job.com/fuzhou/86174622.html?s=01&t=0,福州靠谱云科技有限公司,福州,0.5-1万/月,1年经验,大专
Python工程师,http://jobs.51job.com/hangzhou-xhq/87598136.html?s=01&t=0,北京淘乐创想科技有限公司,杭州-西湖区,0.5-1万/月,1年经验,本科
Python开发,http://jobs.51job.com/guangzhou-thq/84825943.html?s=01&t=0,上海新炬网络技术有限公司,广州-天河区,0.7-1.4万/月,,
python Web 应用开发工程师,http://jobs.51job.com/shenzhen-lgq/90931961.html?s=01&t=0,华耀城控股集团有限公司,深圳-龙岗区,5-6千/月,,本科
Python中高级工程师,http://jobs.51job.com/shenzhen-nsq/92013182.html?s=01&t=0,深圳市共济科技股份有限公司,深圳-南山区,1-3.5万/月,,本科
Python开发工程师,http://jobs.51job.com/beijing-dcq/76996777.html?s=01&t=0,北京神黄科技股份有限公司,北京-东城区,1-2万/月,,本科
PHP/JAVA/C++/Python软件开发工程师,http://jobs.51job.com/hangzhou/88253824.html?s=01&t=0,杭州奥蒂电控股份有限公司,杭州,0.8-1.5万/月,,大专
云计算工程师（Python）,http://jobs.51job.com/nanjing/91590881.html?s=01&t=0,南京熙泰信息技术有限公司,南京,0.8-1万/月,,大专
Python开发工程师,http://jobs.51job.com/chengdu-gxq/82690269.html?s=01&t=0,成都简乐互动科技有限公司,成都-高新区,6-9千/月,3-4年经验,本科
python研发工程师,http://jobs.51job.com/chongqing-ybq/75914790.html?s=01&t=0,重庆维普资讯有限公司,重庆-渝北区,4-7千/月,1年经验,本科
python软件工程师,http://jobs.51job.com/nanjing/83927710.html?s=01&t=0,南京辛巴达软件科技有限公司,南京,1-1.5万/月,3-4年经验,大专
网络安全工程师（python开发方向）,http://jobs.51job.com/shenzhen-lhq/86852495.html?s=01&t=0,深圳市茁壮网络股份有限公司,深圳-罗湖区,1-1.5万/月,,大专
python/java 中级工程师（网络爬虫方向）,http://jobs.51job.com/beijing-ftq/90177348.html?s=01&t=0,政府采购信息网,北京-丰台区,0.8-1.2万/月,2年经验,本科
Python开发工程师,http://jobs.51job.com/shanghai/91698659.html?s=01&t=0,Sumscope,上海,1-2万/月,2年经验,本科
Python后端工程师,http://jobs.51job.com/wuhan-jhq/89884881.html?s=01&t=0,北京今朝勇创科技有限公司,武汉-江汉区,0.6-1万/月,,本科
Python开发工程师（实习生）,http://jobs.51job.com/shenzhen-lgq/90809837.html?s=01&t=0,深圳市猎芯科技有限公司,深圳-龙岗区,3-5千/月,,大专
职位名,链接,公司名,工作地点,薪资,经验,学历
Python开发工程师,http://jobs.51job.com/zhengzhou-gxq/92335227.html?s=01&t=0,河南云和数据信息技术有限公司,郑州-高新区,0.8-1万/月,3-4年经验,大专
人工智能项目经理(Python),http://jobs.51job.com/shanghai/92335132.html?s=01&t=0,上海西线教育科技有限公司,上海,1.5-2万/月,,
技术总监 （大数据、数据挖掘/java/python）,http://jobs.51job.com/beijing/88928806.html?s=01&t=0,北京捷通华声科技股份有限公司,北京,2.5-5万/月,5-7年经验,本科
Python服务端高级开发工程师,http://jobs.51job.com/shanghai-xhq/92217309.html?s=01&t=0,上海数旦信息技术有限公司,上海-徐汇区,1.5-2.5万/月,3-4年经验,本科
Python大数据开发工程师,http://jobs.51job.com/beijing-hdq/92330112.html?s=01&t=0,北京文泽智远信息技术有限公司,北京-海淀区,1-1.8万/月,3-4年经验,本科
双休高级Java工程师爬虫工程师python工程师数据工程师,http://jobs.51job.com/shenzhen-lgq/92324177.html?s=01&t=0,深圳市以沃科技有限公司,深圳-龙岗区,0.8-1.2万/月,3-4年经验,本科
Python开发工程师,http://jobs.51job.com/hangzhou-xsq/77713555.html?s=01&t=0,杭州国辰机器人科技有限公司,杭州-萧山区,12-20万/年,,本科
Python助理,http://jobs.51job.com/zhengzhou/92319419.html?s=01&t=0,河南数王软件科技有限公司,郑州,3-4.5千/月,无工作经验,
python开发工程师-西安-02568,http://jobs.51job.com/xian/92324843.html?s=01&t=0,博彦科技股份有限公司,西安,0.6-1.2万/月,,
Python中高级开发工程师,http://jobs.51job.com/beijing-cyq/89547186.html?s=01&t=0,瓦力必达科技（北京）有限公司,北京-朝阳区,1.2-2万/月,,大专
Python（爬虫）数据开发工程师,http://jobs.51job.com/shanghai/81460093.html?s=01&t=0,上海维赛特科技实业有限公司,上海,1-1.5万/月,,
Python软件工程师,http://jobs.51job.com/beijing-hdq/68200863.html?s=01&t=0,三和智控（北京）系统集成有限公司,北京-海淀区,6-8千/月,2年经验,本科
Python开发工程师（驻外）,http://jobs.51job.com/macao/89751267.html?s=01&t=0,亳州创才商务咨询服务有限责任公司,异地招聘,1.5-2.5万/月,3-4年经验,大专
Python 数据分析师,http://jobs.51job.com/xian-gxjs/92315266.html?s=01&t=0,北京空间畅想信息技术有限责任公司,西安-高新技术...,1-1.5万/月,,本科
python讲师(000554),http://jobs.51job.com/beijing/85038227.html?s=01&t=0,达内培训集团,北京,1.5-2.5万/月,3-4年经验,大专
Python开发,http://jobs.51job.com/beijing-hdq/64009314.html?s=01&t=0,北京简单科技有限公司（简单学习网）,北京-海淀区,1.5-2万/月,3-4年经验,大专
Python爬虫开发工程师,http://jobs.51job.com/shanghai-pdxq/89988339.html?s=01&t=0,上海瓦洛兰投资管理有限公司,上海-浦东新区,1-3万/月,,本科
Python开发工程师,http://jobs.51job.com/beijing-hdq/90817894.html?s=01&t=0,北京牧游科技有限公司,北京-海淀区,1-1.5万/月,2年经验,大专
Python开发工程师(应届）,http://jobs.51job.com/nanjing-jnq/90202172.html?s=01&t=0,南京赛宁信息技术有限公司,南京-江宁区,0.7-1万/月,无工作经验,
Python开发工程师（2年左右经验，外包）,http://jobs.51job.com/nanjing/91573349.html?s=01&t=0,南京青花瓷软件科技有限公司,南京,0.6-1.1万/月,1年经验,中专
python后端程序员,http://jobs.51job.com/wuhan-hsq/67155969.html?s=01&t=0,武汉乐谷在线科技有限公司,武汉-洪山区,0.6-2万/月,,大专
Python开发工程师,http://jobs.51job.com/shanghai-xhq/85964280.html?s=01&t=0,上海六界信息技术有限公司,上海-徐汇区,1-2万/月,2年经验,本科
Python程序员,http://jobs.51job.com/shenzhen-ftq/55201892.html?s=01&t=0,美皇贸易（深圳）有限公司,深圳-福田区,0.8-1万/月,1年经验,大专
手游后端开发（Python）,http://jobs.51job.com/shanghai-xhq/90042799.html?s=01&t=0,上海象游数码科技有限公司,上海-徐汇区,0.6-1.3万/月,,
Python开发工程师,http://jobs.51job.com/shenzhen-lhq/82844326.html?s=01&t=0,深圳广田云万家科技有限公司,深圳-罗湖区,1.5-2.5万/月,2年经验,本科
python 高级工程师,http://jobs.51job.com/shanghai-jaq/67003798.html?s=01&t=0,上海网元电子商务有限公司,上海-静安区,1-1.5万/月,2年经验,本科
Python高级开发工程师,http://jobs.51job.com/shanghai-jaq/92170845.html?s=01&t=0,海风教育-K12 在线一对一,上海-静安区,2-2.5万/月,3-4年经验,
Python开发工程师,http://jobs.51job.com/shanghai-jdq/92271329.html?s=01&t=0,昆山能脉信息科技有限公司,异地招聘,1-1.5万/月,2年经验,大专
python+dns研发工程师,http://jobs.51job.com/shanghai-xhq/89365243.html?s=01&t=0,上海万雍科技股份有限公司,上海-徐汇区,1-1.5万/月,,
python开发工程师(Odoo),http://jobs.51job.com/shanghai-xhq/62630612.html?s=01&t=0,造源信息科技（上海）有限公司,上海-徐汇区,0.8-1.6万/月,3-4年经验,大专
Python开发,http://jobs.51job.com/guangzhou-thq/87311809.html?s=01&t=0,广州机智云物联网科技有限公司,广州-天河区,1.2-2万/月,3-4年经验,本科
Python开发工程师,http://jobs.51job.com/guangzhou/83654695.html?s=01&t=0,广东长荣科技有限公司,广州,5-8千/月,1年经验,本科
Python中级开发工程师,http://jobs.51job.com/shenzhen-ftq/92074538.html?s=01&t=0,深圳市尚诚信息技术有限公司,深圳-福田区,1-1.5万/月,3-4年经验,大专
Python开发工程师,http://jobs.51job.com/shenzhen/92309157.html?s=01&t=0,深圳中泓在线股份有限公司,深圳,1-1.5万/月,3-4年经验,本科
Python后端开发工程师,http://jobs.51job.com/shanghai-pdxq/91878114.html?s=01&t=0,嘀拍信息科技南通有限公司,上海-浦东新区,1-2万/月,,本科
Python开发工程师,http://jobs.51job.com/shanghai-jaq/87958437.html?s=01&t=0,上海房金所金融信息服务有限公司,上海-静安区,1-2万/月,无工作经验,本科
Python 后台工程师,http://jobs.51job.com/guangzhou-thq/90990437.html?s=01&t=0,广州远云网络科技有限公司,广州-天河区,0.8-1.2万/月,2年经验,本科
python工程师助理/python开发实习生,http://jobs.51job.com/hadongbin-ngq/92296004.html?s=01&t=0,哈尔滨创优才智科技有限公司,哈尔滨-南岗区,4.5-6千/月,,
Python开发工程师,http://jobs.51job.com/kunming-xsq/92303962.html?s=01&t=0,云南天成科技有限公司,昆明-西山区,6-8千/月,,大专
Python BI 高级开发工程师,http://jobs.51job.com/beijing/90203503.html?s=01&t=0,联众游戏,北京,1.5-2万/月,2年经验,本科
Python开发工程师,http://jobs.51job.com/guangzhou/71717870.html?s=01&t=0,广州宝巨信息技术有限公司,广州,0.6-1万/月,2年经验,大专
Python高级开发工程师,http://jobs.51job.com/shanghai-mhq/92301320.html?s=01&t=0,大连东软思维科技发展有限公司,上海-闵行区,1.5-2万/月,,
Python开发,http://jobs.51job.com/nanjing-pkq/89186386.html?s=01&t=0,南京梅花软件系统股份有限公司,南京-浦口区,1-1.5万/月,1年经验,大专
Python开发（爬虫）,http://jobs.51job.com/shanghai/91836588.html?s=01&t=0,上海源企金融信息服务有限公司,上海,0.8-1.2万/月,2年经验,
Python后端开发工程师,http://jobs.51job.com/nanjing/89687746.html?s=01&t=0,南京正和文化传媒有限公司,南京,0.6-1.2万/月,2年经验,本科
python软件工程师,http://jobs.51job.com/shenzhen-nsq/86525742.html?s=01&t=0,深圳市丰巨泰科电子有限公司,深圳-南山区,2-2.5万/月,3-4年经验,本科
Python开发工程师,http://jobs.51job.com/nanjing/86983849.html?s=01&t=0,江苏宝和数据股份有限公司,南京,0.8-1.5万/月,,本科
Python爬虫工程师,http://jobs.51job.com/shanghai/92294258.html?s=01&t=0,上海兴岩信息科技有限公司,上海,1.5-2万/月,,
python开发工程师,http://jobs.51job.com/shanghai-pdxq/87163370.html?s=01&t=0,上海乐野网络科技有限公司,上海-浦东新区,0.7-1.5万/月,2年经验,本科
python程序员,http://jobs.51job.com/jinan-gxq/83608224.html?s=01&t=0,山东远思信息科技有限公司,济南-高新区,6-8千/月,1年经验,本科
职位名,链接,公司名,工作地点,薪资,经验,学历
Python工程师（爬虫方向）+包住宿+周末双休+五险一金,http://jobs.51job.com/shenzhen/91583571.html?s=01&t=0,深圳市中源航空服务有限公司,深圳,0.8-1.3万/月,3-4年经验,大专
Python开发工程师,http://jobs.51job.com/shanghai-ypq/85776946.html?s=01&t=0,上海犀语科技有限公司,上海-杨浦区,1.6-2.2万/月,3-4年经验,大专
高级测试开发工程师-python方向,http://jobs.51job.com/shanghai/92310003.html?s=01&t=0,好买财富管理股份有限公司,上海,1.5-2.5万/月,,
Python软件工程师,http://jobs.51job.com/shenzhen-ftq/92300643.html?s=01&t=0,深圳市漫乐游科技有限公司,深圳-福田区,1-2万/月,2年经验,大专
Python开发工程师,http://jobs.51job.com/chengdu-jjq/92287444.html?s=01&t=0,鲜生活冷链物流有限公司,成都-锦江区,1-1.5万/月,,大专
python开发工程师（腾讯项目）,http://jobs.51job.com/shenzhen/92282990.html?s=01&t=0,深圳市深为软件技术有限公司,深圳,4.5-6千/月,,大专
python开发工程师（急聘+项目提成）,http://jobs.51job.com/shenzhen/92282930.html?s=01&t=0,深圳市融联辉科技有限公司,深圳,4.5-6千/月,,大专
Python开发工程师,http://jobs.51job.com/beijing-hdq/92278091.html?s=01&t=0,北京丁牛科技有限公司,北京-海淀区,0.6-1万/月,1年经验,本科
Python开发工程师,http://jobs.51job.com/beijing/92224190.html?s=01&t=0,北京卡来宝信息科技有限公司,北京,1-1.5万/月,3-4年经验,
python测试工程师,http://jobs.51job.com/shanghai-mhq/92065567.html?s=01&t=0,丰郅（上海）新能源科技有限公司,上海-闵行区,0.8-1.5万/月,,
Python高级开发工程师,http://jobs.51job.com/shanghai-qpq/91913502.html?s=01&t=0,上海随求网络科技有限公司,上海-青浦区,0.7-1.5万/月,,本科
Python开发工程师,http://jobs.51job.com/hangzhou-gsq/91855438.html?s=01&t=0,杭州战鱼互游网络科技有限公司,杭州-拱墅区,0.8-1.5万/月,,
高级软件工程师-开发支付系统PMTS控制台（Python）,http://jobs.51job.com/beijing/91208910.html?s=01&t=0,北京金电恒通科技有限公司,北京,1.5-2万/月,3-4年经验,本科
Python测试开发工程师,http://jobs.51job.com/beijing-xcq/90848179.html?s=01&t=0,北京多来点信息技术有限公司,北京-西城区,1.5-2.5万/月,2年经验,本科
Python工程师,http://jobs.51job.com/beijing-hdq/90793672.html?s=01&t=0,北京哈工大计算机网络与信息安全技术研究中心,北京-海淀区,1-1.5万/月,,本科
Python工程师（NO.测服1703）,http://jobs.51job.com/beijing/90144680.html?s=01&t=0,北京南天软件有限公司,北京,0.6-1万/月,,本科
PHP和python高级开发工程师,http://jobs.51job.com/chengdu-chq/88804660.html?s=01&t=0,成都灿星科技有限公司,成都-成华区,0.8-1万/月,3-4年经验,
Python开发工程师,http://jobs.51job.com/chengdu-jjq/88416453.html?s=01&t=0,成都诺艾斯科技有限公司,成都-锦江区,0.8-1.5万/月,,
C++/Python研发工程师,http://jobs.51job.com/beijing-cyq/86600645.html?s=01&t=0,奔讯电子科技（北京）有限公司,北京-朝阳区,0.8-1万/月,2年经验,大专
Python 开发工程师（实习岗）,http://jobs.51job.com/beijing-cyq/86552320.html?s=01&t=0,北京蓝沧科技有限公司,北京-朝阳区,6-8千/月,,本科
Python后端开发工程师,http://jobs.51job.com/nanjing-yhtq/86034098.html?s=01&t=0,南京英莫特信息科技有限公司,南京-雨花台区,1.2-2万/月,3-4年经验,本科
Python开发工程师,http://jobs.51job.com/chengdu-gxq/85820281.html?s=01&t=0,北京陌陌信息技术有限公司成都分公司,成都-高新区,1-2万/月,3-4年经验,本科
服务器开发工程师（Python）,http://jobs.51job.com/liupanshui/84799119.html?s=01&t=0,深圳市博奥特智能科技有限公司,异地招聘,0.8-1万/月,,
Python 开发工程师,http://jobs.51job.com/chengdu-gxq/83703235.html?s=01&t=0,北京知道创宇信息技术有限公司,成都-高新区,1.2-2.4万/月,,
Python软件开发工程师,http://jobs.51job.com/guiyang/83021403.html?s=01&t=0,贵州东方世纪科技股份有限公司,贵阳,4-9.5千/月,,本科
Python研发中级工程师,http://jobs.51job.com/beijing-hdq/82821615.html?s=01&t=0,北京掌控世代科技有限公司,北京-海淀区,1.5-3万/月,,
python后端开发工程师,http://jobs.51job.com/shanghai-zbq/82786760.html?s=01&t=0,上海羽度数码科技有限公司,上海-闸北区,0.8-1.2万/月,2年经验,本科
python 研发工程师,http://jobs.51job.com/beijing-cyq/81207355.html?s=01&t=0,长安通信科技有限责任公司,北京-朝阳区,1-1.5万/月,,
后端工程师（python）,http://jobs.51job.com/guangzhou-thq/76876974.html?s=01&t=0,广州战法牧网络科技有限公司,广州-天河区,1-1.5万/月,,
（vmware）Python开发工程师,http://jobs.51job.com/beijing-hdq/73735730.html?s=01&t=0,迪原创新（北京）科技有限公司,北京-海淀区,1-1.5万/月,2年经验,本科
Python开发工程师,http://jobs.51job.com/shanghai-ptq/68862056.html?s=01&t=0,盘石软件（上海）有限公司,上海-普陀区,0.6-1万/月,3-4年经验,本科
Python软件工程师,http://jobs.51job.com/suzhou-gyyq/68043431.html?s=01&t=0,苏州思佳达信息科技有限公司,苏州-工业园区,3.5-7千/月,1年经验,大专
python web 开发工程师,http://jobs.51job.com/beijing-hdq/59465911.html?s=01&t=0,华北计算技术研究所（中国电子科技集团公司第十五研究所 ）,北京-海淀区,0.8-1万/月,1年经验,本科
Python开发工程师,http://jobs.51job.com/shenzhen-lhxq/88442568.html?s=01&t=0,深圳市易酷创新软件有限公司,深圳-龙华新区,0.6-1.5万/月,1年经验,本科
运维开发工程师/计算机/互联网/C/C++/Python/Java,http://jobs.51job.com/shanghai/88484756.html?s=01&t=0,才聚企业管理服务（上海）有限公司,上海,20-30万/年,3-4年经验,本科
中级程序员（Python）,http://jobs.51job.com/beijing/87561084.html?s=01&t=0,北京麦圃国际投资顾问有限公司,北京,0.8-1.3万/月,,
Python工程师,http://jobs.51job.com/guangzhou-byq/90282892.html?s=01&t=0,广州优樱斯贸易有限公司,广州-白云区,1-1.5万/月,2年经验,大专
Python研发工程师,http://jobs.51job.com/shanghai-xhq/72278079.html?s=01&t=0,上海岂安信息科技有限公司,上海-徐汇区,1.5-3万/月,1年经验,
Python/JS 研发实习生,http://jobs.51job.com/chengdu-qyq/91553357.html?s=01&t=0,杭州中跃教育科技有限公司,成都-青羊区,4-6千/月,,
Python工程师,http://jobs.51job.com/shanghai-pdxq/89308459.html?s=01&t=0,上海思华科技股份有限公司,上海-浦东新区,1.2-2.4万/月,,本科
Python开发工程师,http://jobs.51job.com/ningbo/90189610.html?s=01&t=0,浙江中之杰智能系统有限公司,宁波,0.8-1万/月,,
Python开发工程师,http://jobs.51job.com/shenzhen-nsq/91587590.html?s=01&t=0,卫盈联信息技术（深圳）有限公司,深圳-南山区,2-3.5万/月,,
Python开发工程师,http://jobs.51job.com/haikou/90404736.html?s=01&t=0,海南易建科技股份有限公司,海口,1-1.5万/月,3-4年经验,本科
Python开发工程师（初级）,http://jobs.51job.com/guangzhou-yxq/90249379.html?s=01&t=0,广州市申迪计算机系统有限公司,广州-越秀区,6-9千/月,,本科
2017届夏季补招岗-python软件开发实习生（云计算）,http://jobs.51job.com/xian/91482514.html?s=01&t=0,西安中软卓越信息技术有限公司,西安,4.5-6千/月,,大专
python工程师,http://jobs.51job.com/nanjing/91153603.html?s=01&t=0,江苏达科信息科技有限公司,南京,1-1.5万/月,,大专
Python开发工程师（风控方向）,http://jobs.51job.com/shanghai-xhq/92220698.html?s=01&t=0,信用飞/首付游,上海-徐汇区,0.8-1.5万/月,1年经验,本科
python爬虫实习生,http://jobs.51job.com/shanghai-ypq/84290574.html?s=01&t=0,上海葵观信息技术有限公司,上海-杨浦区,248元/天,,
Python开发工程师,http://jobs.51job.com/shanghai-mhq/79170599.html?s=01&t=0,上海胜日信息科技有限公司,上海-闵行区,1-1.5万/月,,大专
C++/Python程序员实习生,http://jobs.51job.com/changsha-wcq/91952289.html?s=01&t=0,湖南鸿通投资管理有限公司,长沙-望城区,2-3千/月,,大专
职位名,链接,公司名,工作地点,薪资,经验,学历
Python工程师,http://jobs.51job.com/shenzhen-nsq/78687898.html?s=01&t=0,深圳贝尔创意科教有限公司,深圳-南山区,1.2-2万/月,2年经验,本科
Python开发工程师,http://jobs.51job.com/beijing-hdq/87909041.html?s=01&t=0,慧影医疗科技（北京）有限公司,北京-海淀区,2-4万/月,3-4年经验,本科
Python高级软件工程师,http://jobs.51job.com/xian-gxjs/90528902.html?s=01&t=0,北京优诺信创科技有限公司,西安-高新技术...,0.8-1.5万/月,2年经验,硕士
Python高级开发工程师,http://jobs.51job.com/shanghai-xhq/87902154.html?s=01&t=0,爱奇艺（www.iqiyi.com）,上海-徐汇区,1.5-2.5万/月,,
Python开发工程师,http://jobs.51job.com/chengdu/84840158.html?s=01&t=0,成都迈思信息技术有限公司,成都,0.7-1.3万/月,2年经验,大专
Python工程师,http://jobs.51job.com/shanghai-pdxq/86974593.html?s=01&t=0,上海库铭信息科技有限公司,上海-浦东新区,2.5-4万/月,5-7年经验,
Python开发工程师,http://jobs.51job.com/guangzhou-pyq/92065932.html?s=01&t=0,广州艾美网络科技有限公司,广州-番禺区,0.8-1.3万/月,1年经验,本科
python工程师（成都）,http://jobs.51job.com/chengdu/88035454.html?s=01&t=0,杭州安恒信息技术有限公司,成都,0.8-1.5万/月,,本科
Java Python 工程师,http://jobs.51job.com/guiyang/90822835.html?s=01&t=0,世纪恒通科技股份有限公司,贵阳,0.8-1万/月,3-4年经验,本科
双休 Python程序员/开发助理（应届可实习）,http://jobs.51job.com/wuxi/90124651.html?s=01&t=0,软世通集团无锡分公司,无锡,4.5-6千/月,,大专
Python开发工程师,http://jobs.51job.com/shanghai-pdxq/90524192.html?s=01&t=0,上海城置投资控股集团有限公司,上海-浦东新区,1.6-2.8万/月,3-4年经验,大专
Python工程师,http://jobs.51job.com/beijing-hdq/69758176.html?s=01&t=0,北京八维研修学院,北京-海淀区,1.5-2万/月,2年经验,本科
Linux C++/Python高级研发工程师,http://jobs.51job.com/beijing/79836654.html?s=01&t=0,北京好巧国际旅行社有限公司,北京,3.5-5万/月,3-4年经验,本科
Python高级开发工程师,http://jobs.51job.com/shanghai-pdxq/89883270.html?s=01&t=0,上海期货信息技术有限公司,上海-浦东新区,,3-4年经验,本科
Python开发工程师,http://jobs.51job.com/chengdu-jjq/90520138.html?s=01&t=0,深圳市一览网络股份有限公司成都分公司,成都-锦江区,1.5-2.5万/月,,
Python开发工程师,http://jobs.51job.com/shanghai-jaq/91387124.html?s=01&t=0,上海量锐信息科技有限公司,上海-静安区,1-1.5万/月,,
Python软件工程师,http://jobs.51job.com/shenyang-dlhnq/82461084.html?s=01&t=0,沈阳彩檬科技有限公司,沈阳-东陵区（...,0.3-1万/月,1年经验,大专
运维软件-平台研发工程师 (Python) （上海）,http://jobs.51job.com/shanghai-xhq/89317925.html?s=01&t=0,嘉兴安尚云信信息科技有限公司,上海-徐汇区,1.6-2.5万/月,2年经验,本科
Python开发工程师――成都地区,http://jobs.51job.com/chengdu/90384048.html?s=01&t=0,上海易路软件有限公司,成都,0.8-1.4万/月,,大专
python开发工程师,http://jobs.51job.com/shanghai-ptq/73713389.html?s=01&t=0,上海庆科信息技术有限公司,上海-普陀区,0.8-1万/月,3-4年经验,本科
Python开发工程师,http://jobs.51job.com/hangzhou-bjq/92140905.html?s=01&t=0,杭州教你文化策划有限公司,杭州-滨江区,1-1.5万/月,,
数据分析与挖掘-python工程师-00410,http://jobs.51job.com/shanghai-jaq/91125026.html?s=01&t=0,卫宁健康科技集团股份有限公司,上海-静安区,1.5-2万/月,2年经验,本科
Python开发工程师,http://jobs.51job.com/shanghai-cnq/87556936.html?s=01&t=0,上海神州数码有限公司,上海-长宁区,,,
高级Python后端工程师,http://jobs.51job.com/shenzhen-nsq/92127947.html?s=01&t=0,深圳市藤讯科技有限公司,深圳-南山区,2-4万/月,5-7年经验,大专
（可实习）python工程师助理/python开发学徒,http://jobs.51job.com/suzhou-gsq/88461169.html?s=01&t=0,苏州学码思科技有限公司,苏州-姑苏区,4.5-6千/月,,大专
Python开发工程师,http://jobs.51job.com/beijing-hdq/81983955.html?s=01&t=0,众信云（北京）科技发展有限公司,北京-海淀区,1-1.5万/月,,本科
高级PYTHON研发工程师,http://jobs.51job.com/beijing/91255413.html?s=01&t=0,劳动光荣科技（北京）有限公司,北京,3-5万/月,1年经验,本科
Python/Odoo 高级开发工程师,http://jobs.51job.com/shanghai-hkq/90224902.html?s=01&t=0,广州安莱信息通信技术有限公司,上海-虹口区,1.5-2万/月,3-4年经验,大专
Python开发工程师,http://jobs.51job.com/nanchang/91297275.html?s=01&t=0,南昌中滨雅尚科技有限公司,南昌,0.5-1万/月,2年经验,大专
Python网络爬虫,http://jobs.51job.com/jinshuiqu/89510887.html?s=01&t=0,北京奇酷方舟信息技术有限公司,郑州-金水区,6-8千/月,无工作经验,大专
Python开发工程师（广州）,http://jobs.51job.com/guangzhou/89826539.html?s=01&t=0,佛山市平河科技有限公司,广州,0.8-1万/月,1年经验,
数据平台工程师（python）,http://jobs.51job.com/shanghai-pdxq/84636014.html?s=01&t=0,上海即富信息技术服务有限公司,上海-浦东新区,1.3-1.7万/月,3-4年经验,本科
服务器开发工程师(Python),http://jobs.51job.com/harbin/86426178.html?s=01&t=0,哈尔滨福特威尔科技有限公司,哈尔滨,0.5-1.2万/月,2年经验,本科
linux系统运维（Python）,http://jobs.51job.com/shenzhen/91273971.html?s=01&t=0,天阳宏业,深圳,1.5-2万/月,,大专
python开发（机器学习）-中国-00155,http://jobs.51job.com/hangzhou/89445308.html?s=01&t=0,杭州博盾习言科技有限公司,杭州,2-3万/月,,硕士
python开发工程师,http://jobs.51job.com/guangzhou/70714557.html?s=01&t=0,艾美美容中心,广州,6-8千/月,1年经验,大专
Python工程师,http://jobs.51job.com/guangzhou-thq/90221983.html?s=01&t=0,广州鼎盛互动网络科技有限公司,异地招聘,1.8-2.5万/月,1年经验,大专
python 开发工程师,http://jobs.51job.com/zhuhai-xzq/81060196.html?s=01&t=0,天心软件科技（珠海）有限公司,珠海-香洲区,4.5-6千/月,1年经验,
Python工程师,http://jobs.51job.com/kunshan/71187928.html?s=01&t=0,上海游讯信息科技有限公司,异地招聘,1-1.5万/月,2年经验,
软件开发工程师――python/java方向,http://jobs.51job.com/shenyang-hpq/82753946.html?s=01&t=0,百度沈阳地区营销服务中心,沈阳-和平区,3-5千/月,,本科
Python开发工程师,http://jobs.51job.com/shanghai-xhq/86250430.html?s=01&t=0,上海晨光文具股份有限公司,上海-徐汇区,1-1.6万/月,2年经验,本科
Golang/Python开发工程师,http://jobs.51job.com/jinshuiqu/82293680.html?s=01&t=0,河南省鑫山实业发展有限公司,郑州-金水区,0.6-1万/月,,本科
Python高级开发工程师,http://jobs.51job.com/beijing/92093552.html?s=01&t=0,北京世纪鹤图软件技术有限责任公司,北京,1.5-2万/月,,
python工程师,http://jobs.51job.com/suzhou-gxq/88392229.html?s=01&t=0,苏州橡木盾信息科技有限公司,苏州-高新区,3.5-4千/月,,
python(golang服务端开发),http://jobs.51job.com/changsha-ylq/84443182.html?s=01&t=0,北京炬鑫网络科技有限公司,长沙-岳麓区,1.5-2万/月,,
Python 开发工程师,http://jobs.51job.com/xian/90532019.html?s=01&t=0,西安奥百电子科技有限公司,西安,0.8-1万/月,,本科
Python工程师（初级）,http://jobs.51job.com/guangzhou-yxq/90831139.html?s=01&t=0,广州永霸信息科技股份有限公司,广州-越秀区,5-8千/月,,本科
Python中级开发工程师,http://jobs.51job.com/guangzhou-thq/89107575.html?s=01&t=0,广州世安信息技术有限公司,广州-天河区,1.2-1.5万/月,3-4年经验,本科
高级 Python 工程师,http://jobs.51job.com/shanghai-mhq/88420492.html?s=01&t=0,趣送信息技术（上海）有限公司,上海-闵行区,1.5-2万/月,3-4年经验,本科
Python开发工程师,http://jobs.51job.com/shanghai-ptq/86200249.html?s=01&t=0,上海旺翔文化传媒股份有限公司,上海-普陀区,1.5-2万/月,,本科
职位名,链接,公司名,工作地点,薪资,经验,学历
Python后台开发工程师,http://jobs.51job.com/chengdu/91321798.html?s=01&t=0,成都恒高科技有限公司,成都,0.8-1.2万/月,1年经验,本科
Python开发工程师,http://jobs.51job.com/shenzhen-nsq/89742695.html?s=01&t=0,深圳羚羊极速科技有限公司,深圳-南山区,1.3-2.5万/月,3-4年经验,本科
数据挖掘工程师(R或Python),http://jobs.51job.com/beijing-hdq/90282345.html?s=01&t=0,博易智软（北京）技术股份有限公司,北京-海淀区,1.5-2万/月,2年经验,本科
Python开发工程师,http://jobs.51job.com/shanghai-ypq/91908521.html?s=01&t=0,上海道客网络科技有限公司,上海-杨浦区,1-1.5万/月,,本科
Python开发工程师,http://jobs.51job.com/beijing-cyq/92186820.html?s=01&t=0,原生动力（北京）数字传媒科技有限公司,北京-朝阳区,0.8-2.5万/月,,大专
Python开发工程师,http://jobs.51job.com/shanghai-pdxq/92044167.html?s=01&t=0,百可录（北京）科技有限公司,上海-浦东新区,6-8千/月,2年经验,大专
Python 开发工程师(大数据方向),http://jobs.51job.com/shenzhen-ftq/86067493.html?s=01&t=0,深圳巨灵信息技术有限公司,深圳-福田区,1-1.6万/月,,
Python开发工程师,http://jobs.51job.com/fuzhou/89825905.html?s=01&t=0,福州网乐网络科技有限公司,异地招聘,6-8千/月,3-4年经验,大专
python开发,http://jobs.51job.com/wuhan-jxq/82617291.html?s=01&t=0,武汉合创鼎联科技有限公司,武汉-江夏区,5-7千/月,2年经验,本科
Python爬虫工程师,http://jobs.51job.com/suzhou-xcq/89213350.html?s=01&t=0,布瑞克（苏州）农业信息科技有限公司,苏州-相城区,4.5-8千/月,,大专
python程序员,http://jobs.51job.com/nanchang-qshq/73062235.html?s=01&t=0,南昌得思信息技术有限公司,南昌-青山湖区,1-1.5万/月,,
Python开发工程师,http://jobs.51job.com/shanghai-ptq/84786839.html?s=01&t=0,鄂尔多斯市创想思维互联网科技有限公司上海分公司,上海-普陀区,1-1.5万/月,1年经验,本科
Python/php爬虫实习生,http://jobs.51job.com/wuhan-hsq/86169729.html?s=01&t=0,武汉祺景科技有限公司,武汉-洪山区,100元/天,,
python开发工程师,http://jobs.51job.com/shanghai-lwq/88327045.html?s=01&t=0,义橙网络科技（上海）有限公司,上海-卢湾区,0.8-1万/月,3-4年经验,本科
RD-java/Python发工程师,http://jobs.51job.com/shenzhen/91481865.html?s=01&t=0,中控智慧科技股份有限公司,深圳,4-5千/月,1年经验,大专
Python开发工程师,http://jobs.51job.com/fuzhou-csq/90628386.html?s=01&t=0,福州兜乐网络科技有限公司,福州-仓山区,4.5-6千/月,,
云计算Python工程师,http://jobs.51job.com/kunshan/80779274.html?s=01&t=0,苏州中德宏泰电子科技股份有限公司,昆山,1-1.4万/月,,大专
Python,http://jobs.51job.com/hangzhou-xhq/81511766.html?s=01&t=0,杭州墙蛙科技有限公司,杭州-西湖区,1.5-2万/月,,
数据采集工程师-python,http://jobs.51job.com/beijing-cyq/85131925.html?s=01&t=0,金电联行（北京）信息技术有限公司,北京-朝阳区,1.5-2万/月,5-7年经验,本科
python工程师,http://jobs.51job.com/shanghai/90305206.html?s=01&t=0,上海拍拍贷金融信息服务有限公司,上海,2-2.5万/月,,本科
Python开发工程师,http://jobs.51job.com/shenzhen-nsq/91775240.html?s=01&t=0,深圳市华付信息技术有限公司,深圳-南山区,1.5-2万/月,3-4年经验,
python开发工程师,http://jobs.51job.com/beijing-xcq/86013877.html?s=01&t=0,黑龙江邮政易通信息网络有限责任公司,北京-西城区,0.8-1.5万/月,,
Python研发工程师,http://jobs.51job.com/shenzhen-nsq/90871119.html?s=01&t=0,深圳开黑科技有限公司,深圳-南山区,1-2万/月,3-4年经验,大专
高级软件开发工程师（C++/Python）_互联网金融项目,http://jobs.51job.com/shenzhen-ftq/83097132.html?s=01&t=0,甲骨文（中国）软件系统有限公司,深圳-福田区,,3-4年经验,本科
Python 中级开发工程师,http://jobs.51job.com/shanghai/86741509.html?s=01&t=0,上海旺旺食品集团有限公司,上海,0.8-1.5万/月,1年经验,大专
2018秋招-python开发,http://jobs.51job.com/beijing-hdq/91645723.html?s=01&t=0,好未来教育（原学而思教育),北京-海淀区,1-1.5万/月,,
自动化测试工程师python、c,http://jobs.51job.com/shanghai-pdxq/90137432.html?s=01&t=0,上海迅元信息科技有限公司,上海-浦东新区,1-1.5万/月,3-4年经验,本科
Python开发工程师,http://jobs.51job.com/nanjing/91070794.html?s=01&t=0,南京亚电电力自动化有限公司,南京,6-8千/月,2年经验,本科
python开发工程师,http://jobs.51job.com/chengdu/80726544.html?s=01&t=0,北京晟元亿讯科技有限公司,成都,4-7千/月,1年经验,大专
资深后端开发（python）/架构师,http://jobs.51job.com/shanghai/79841978.html?s=01&t=0,上海触宝信息技术有限公司,上海,2-3.5万/月,,
Python程序员,http://jobs.51job.com/shenzhen/91792053.html?s=01&t=0,深圳兴融联科技股份有限公司,深圳,1-1.8万/月,,大专
高级Python开发工程师,http://jobs.51job.com/guangzhou/80342268.html?s=01&t=0,有米科技股份有限公司,广州,1-1.8万/月,3-4年经验,本科
Python开发工程师,http://jobs.51job.com/guangzhou-thq/90485165.html?s=01&t=0,广东全彩科技有限公司,广州-天河区,0.8-1万/月,,
Python软件研发工程师,http://jobs.51job.com/changsha-kfq/87053401.html?s=01&t=0,天河国云（北京）科技有限公司湖南分公司,长沙-开福区,4-6千/月,1年经验,大专
爬虫（Java/python）工程师,http://jobs.51job.com/wuhan/89432268.html?s=01&t=0,北京阿博茨科技有限公司武汉分公司,武汉,0.8-1万/月,2年经验,大专
软件工程师-Python,http://jobs.51job.com/wuxi-caq/69823981.html?s=01&t=0,无锡中科恒源信息科技有限公司,无锡-崇安区,0.5-1.5万/月,1年经验,本科
Python开发工程师,http://jobs.51job.com/shanghai/87038504.html?s=01&t=0,能客企业管理咨询（上海）有限公司,上海,1.5-2万/月,3-4年经验,
开发工程师（Python/C/C++),http://jobs.51job.com/guangzhou-thq/90044610.html?s=01&t=0,广州太乙信息科技有限公司,广州-天河区,0.7-1万/月,2年经验,大专
python后台开发工程师,http://jobs.51job.com/shenzhen-nsq/65507204.html?s=01&t=0,深圳市云趣网络科技股份有限公司,深圳-南山区,1-1.5万/月,1年经验,大专
Python+MySQL 后台开发工程师,http://jobs.51job.com/shenzhen-lhxq/83429787.html?s=01&t=0,富士康科技集团CNSBG事业群,深圳-龙华新区,0.6-2万/月,1年经验,大专
Python开发工程师,http://jobs.51job.com/shenzhen-ftq/87696352.html?s=01&t=0,中国金融在线-巨灵财经,深圳-福田区,1-1.5万/月,,
python软件工程师,http://jobs.51job.com/jiaxing/70556200.html?s=01&t=0,浙江清华长三角研究院,嘉兴,4.5-6千/月,1年经验,本科
Python工程师（爬虫）,http://jobs.51job.com/shenzhen-ftq/90958433.html?s=01&t=0,深圳联金所金融信息服务有限公司,深圳-福田区,0.8-1.3万/月,,大专
Python开发工程师,http://jobs.51job.com/shanghai-xhq/75623943.html?s=01&t=0,上海品酷网络科技有限公司,上海-徐汇区,1-1.5万/月,3-4年经验,大专
Python开发工程师,http://jobs.51job.com/chengdu-gxq/87666765.html?s=01&t=0,北京百联力创信息技术有限公司,成都-高新区,0.6-1.2万/月,,
Python开发工程师,http://jobs.51job.com/shenzhen-lhq/91957415.html?s=01&t=0,深圳市艾鑫承科技有限公司,深圳-罗湖区,1-1.5万/月,3-4年经验,大专
python开发/大数据工程师,http://jobs.51job.com/nanjing/62885970.html?s=01&t=0,江苏东大集成电路系统工程技术有限公司,南京,1-2万/月,2年经验,本科
Python开发工程师,http://jobs.51job.com/beijing/76484251.html?s=01&t=0,中科富创（北京）科技有限公司,北京,1.4-2.5万/月,,本科
机器学习开发工程师（熟悉python者优先）,http://jobs.51job.com/shenzhen-nsq/90848940.html?s=01&t=0,深圳中兴网信科技有限公司,深圳-南山区,1.5-2万/月,1年经验,硕士
Python工程师,http://jobs.51job.com/ningbo/84374140.html?s=01&t=0,乐歌人体工学科技股份有限公司,宁波,0.7-1.4万/月,,
职位名,链接,公司名,工作地点,薪资,经验,学历
Python开发工程师,http://jobs.51job.com/suzhou-wzq/88702812.html?s=01&t=0,科沃斯商用机器人有限公司,苏州-吴中区,1-1.5万/月,2年经验,硕士
Python开发工程师/数据挖掘工程/网络爬虫,http://jobs.51job.com/shenzhen-lhxq/90974178.html?s=01&t=0,玉米社（深圳）网络服务有限公司,深圳-龙华新区,1-1.5万/月,2年经验,大专
Python开发工程师,http://jobs.51job.com/shenzhen/91836316.html?s=01&t=0,宝德科技集团股份有限公司,深圳,0.6-1.2万/月,1年经验,本科
Python开发工程师,http://jobs.51job.com/hangzhou/90724646.html?s=01&t=0,杭州皓天信息技术有限公司,杭州,0.8-1.5万/月,,
Python开发工程师,http://jobs.51job.com/hangzhou-bjq/76899475.html?s=01&t=0,杭州筑龙信息技术股份有限公司,杭州-滨江区,1.5-2万/月,1年经验,大专
高级python开发,http://jobs.51job.com/xian-gxjs/84247894.html?s=01&t=0,杭州盈丰软件股份有限公司,西安-高新技术...,10-15万/年,,本科
Python程序员,http://jobs.51job.com/shenzhen-nsq/91779158.html?s=01&t=0,深圳前海橙色魔方信息技术有限公司,深圳-南山区,0.9-1.3万/月,3-4年经验,本科
Python高级开发工程师,http://jobs.51job.com/nanjing-qhq/88498055.html?s=01&t=0,南京轩恩软件开发有限公司,南京-秦淮区,1-1.5万/月,3-4年经验,本科
Python开发工程师,http://jobs.51job.com/xiamen/90546377.html?s=01&t=0,厦门路桥信息股份有限公司,厦门,6-8千/月,,本科
软件工程师（python方向）,http://jobs.51job.com/shanghai-pdxq/88098949.html?s=01&t=0,森松集团,上海-浦东新区,1-1.5万/月,2年经验,大专
软件研发工程师（Python脚本开发）,http://jobs.51job.com/dalian-gxyq/80872960.html?s=01&t=0,英特工程仿真技术（大连）有限公司,大连-高新园区,0.6-1.2万/月,,本科
Java/Python 爬虫工程师（可助理）,http://jobs.51job.com/wuhan/89539283.html?s=01&t=0,武汉艾能进咨询管理顾问有限公司,武汉,0.5-1.5万/月,,大专
python技术顾问/java技术顾问,http://jobs.51job.com/dalian/89658070.html?s=01&t=0,Capgemini Japan K. K.凯捷日本,大连,1-1.5万/月,3-4年经验,本科
Java/Python/Go语言开发工程师,http://jobs.51job.com/suzhou-xcq/92071642.html?s=01&t=0,苏州同济区块链研究院有限公司,苏州-相城区,8-12万/年,1年经验,大专
技术总监（Python方向）,http://jobs.51job.com/wuhan-hsq/92196908.html?s=01&t=0,武汉市乾吉科技有限公司,武汉-洪山区,1.8-2.3万/月,5-7年经验,大专
Python后端工程师,http://jobs.51job.com/wuhan-hsq/75400248.html?s=01&t=0,武汉云页移动科技有限公司,武汉-洪山区,0.5-1.2万/月,1年经验,本科
Python网络爬虫开发,http://jobs.51job.com/shenzhen-lgq/90871474.html?s=01&t=0,深圳市清晨六点科技有限公司,深圳-龙岗区,0.6-1万/月,1年经验,本科
高级python/c工程师,http://jobs.51job.com/guangzhou-thq/84613298.html?s=01&t=0,广州杰颉软件科技有限公司,广州-天河区,1.5-2万/月,3-4年经验,本科
运维开发工程师（Python）,http://jobs.51job.com/hangzhou/73474268.html?s=01&t=0,网易集团,杭州,1-1.5万/月,2年经验,
Python工程师,http://jobs.51job.com/beijing/90139510.html?s=01&t=0,中国民航信息网络股份有限公司,北京,,1年经验,本科
Python开发工程师,http://creditease.51job.com/sc/show_job_detail.php?jobid=90095124,宜信公司,北京-朝阳区,1.5-2.5万/月,,
Python开发工程师（深圳）,http://jobs.51job.com/shenzhen-ftq/92031837.html?s=01&t=0,平安科技（深圳）有限公司,深圳-福田区,1.5-2万/月,3-4年经验,本科
python开发工程师(J14411),http://jobs.51job.com/hangzhou/82955211.html?s=01&t=0,吉利集团（易云信息化公司）,杭州,1-1.5万/月,,
OPL-python运维开发J10605,http://jobs.51job.com/shanghai-ypq/92239263.html?s=01&t=0,上海优刻得信息科技有限公司,上海-杨浦区,1.5-2万/月,,本科
Python开发工程师,http://jobs.51job.com/beijing-hdq/92238564.html?s=01&t=0,北京大账房信息技术有限公司,北京-海淀区,0.6-1.2万/月,无工作经验,
Python开发工程师,http://jobs.51job.com/shanghai-hpq/92225333.html?s=01&t=0,亿达信息技术有限公司,上海-黄浦区,1.2-1.7万/月,3-4年经验,本科
Python/ PHP 技术工程师,http://jobs.51job.com/shanghai-mhq/92225037.html?s=01&t=0,上海艾匹欧文化传播有限公司,上海-闵行区,0.8-1.2万/月,,本科
Python开发工程师,http://jobs.51job.com/beijing-hdq/92221585.html?s=01&t=0,精硕科技(北京)股份有限公司,北京-海淀区,1.5-2万/月,3-4年经验,本科
大数据应用开发（python）,http://jobs.51job.com/shanghai-xhq/91914392.html?s=01&t=0,上海拿米金融信息服务有限公司,上海-徐汇区,1.5-3万/月,3-4年经验,大专
python服务端程序,http://jobs.51job.com/shanghai/79611674.html?s=01&t=0,上海掌玩互娱网络科技股份有限公司,上海,0.9-1.8万/月,1年经验,大专
Python开发工程师,http://jobs.51job.com/wuhan-hsq/91673631.html?s=01&t=0,湖北华旺达信息技术有限公司,武汉-洪山区,1-2.5万/月,2年经验,大专
Python高级开发工程师,http://jobs.51job.com/beijing-hdq/90032133.html?s=01&t=0,北京鸿天融达信息技术有限公司,北京-海淀区,1.5-2.5万/月,2年经验,
Python开发工程师,http://jobs.51job.com/beijing/87083574.html?s=01&t=0,博彦科技股份有限公司,北京,1-1.5万/月,2年经验,
Python工程师,http://jobs.51job.com/guangzhou-pyq/86707314.html?s=01&t=0,广东紫晶信息存储技术股份有限公司,广州-番禺区,1-2万/月,3-4年经验,大专
Python开发工程师,http://jobs.51job.com/beijing-hdq/86115117.html?s=01&t=0,北京慧博云通科技股份有限公司,北京-海淀区,1.5-2万/月,,本科
Python开发工程师,http://jobs.51job.com/shenzhen-lhq/88452003.html?s=01&t=0,深圳众禄金融控股股份有限公司,深圳-罗湖区,1.8-2.5万/月,2年经验,
游戏客户端开发工程师（c++/python）,http://jobs.51job.com/shenzhen-nsq/66711095.html?s=01&t=0,深圳淘乐网络科技有限公司,深圳-南山区,1-1.5万/月,,本科
python工程师,http://jobs.51job.com/shanghai-pdxq/78702480.html?s=01&t=0,上海云逐信息技术有限公司,上海-浦东新区,0.8-1.5万/月,2年经验,大专
python 后端开发工程师,http://jobs.51job.com/xian-ytq/91217733.html?s=01&t=0,上海久耶供应链管理有限公司,西安-雁塔区,0.5-1万/月,,
Python爬虫开发工程师,http://jobs.51job.com/guangzhou-thq/89058279.html?s=01&t=0,广东雀鸟科技有限公司,广州-天河区,0.8-1.5万/月,,
Python工程师（爬虫方向）,http://jobs.51job.com/shenzhen-ftq/81316235.html?s=01&t=0,深圳华策辉弘科技有限公司,深圳-福田区,6-8千/月,,
Python程序员,http://jobs.51job.com/shanghai/87348143.html?s=01&t=0,WeX微汇金融,上海,1.5-2.2万/月,,
Python工程师,http://jobs.51job.com/shanghai/76454223.html?s=01&t=0,上海德必文化创意产业发展（集团）有限公司,上海,1.5-2.5万/月,3-4年经验,本科
Python开发工程师,http://jobs.51job.com/beijing/89689720.html?s=01&t=0,北京卡车之家信息技术股份有限公司,北京,1-1.5万/月,3-4年经验,大专
Python高级开发工程师,http://jobs.51job.com/shanghai/92117769.html?s=01&t=0,上海爱福窝云技术有限公司,上海,1.2-2万/月,2年经验,本科
python后台开发工程师,http://jobs.51job.com/guangzhou-thq/69290240.html?s=01&t=0,广州游爱网络技术有限公司,广州-天河区,0.8-1万/月,,大专
python工程师,http://jobs.51job.com/shanghai-pdxq/67675649.html?s=01&t=0,上海锐赢信息技术有限公司,上海-浦东新区,0.8-1.5万/月,2年经验,大专
Python 数据挖掘工程师（互联网银行）,http://jobs.51job.com/chengdu/89567344.html?s=01&t=0,深圳市长亮科技股份有限公司,成都,0.7-1万/月,,本科
Python开发工程师,http://jobs.51job.com/shanghai/84985093.html?s=01&t=0,上海吾创信息科技有限公司,上海,0.8-1.3万/月,2年经验,本科
Python开发工程师,http://jobs.51job.com/shanghai-xhq/90913001.html?s=01&t=0,深圳市众软信息技术有限公司,上海-徐汇区,1-1.5万/月,2年经验,本科
职位名,链接,公司名,工作地点,薪资,经验,学历
python开发工程师,http://jobs.51job.com/chengdu-qyq/75043734.html?s=01&t=0,深圳市风云实业有限公司,成都-青羊区,0.5-1万/月,2年经验,本科
Python软件工程师,http://jobs.51job.com/beijing-cpq/91677079.html?s=01&t=0,北京哈特凯尔医疗科技有限公司,北京-昌平区,6-8千/月,1年经验,大专
Python开发工程师,http://jobs.51job.com/zhuhai/88770869.html?s=01&t=0,珠海麒润网络科技有限公司,珠海,0.7-1.4万/月,2年经验,
Python开发工程师,http://jobs.51job.com/kunming/87862861.html?s=01&t=0,云思华盛（北京）科技有限公司,昆明,6-8千/月,,本科
Python开发工程师,http://jobs.51job.com/shanghai/88667609.html?s=01&t=0,上海扬讯计算机科技有限责任公司,上海,0.8-1.2万/月,,大专
高级 OCR 图像、光学识别工程师/Python研发,http://jobs.51job.com/shanghai-ptq/84727512.html?s=01&t=0,上海使爱智能科技有限公司,上海-普陀区,30-40万/年,3-4年经验,本科
Python开发工程师,http://jobs.51job.com/shenzhen-ftq/91300478.html?s=01&t=0,天津荣联汇智智能科技有限公司,深圳-福田区,1.5-2万/月,,
Python高级开发工程师,http://jobs.51job.com/chengdu/91050924.html?s=01&t=0,成都易耕云作科技有限公司,成都,0.9-1.4万/月,2年经验,本科
Python程序员 数据挖掘方向,http://jobs.51job.com/shenzhen-ftq/86554934.html?s=01&t=0,深圳市越健明科技有限公司,深圳-福田区,0.6-1.2万/月,1年经验,大专
Python开发工程师,http://jobs.51job.com/wuhan-hsq/84412897.html?s=01&t=0,北京博睿宏远数据科技股份有限公司,武汉-洪山区,0.7-1.4万/月,1年经验,本科
Python/Django开发工程师,http://jobs.51job.com/ningbo-yzq/90895016.html?s=01&t=0,浙江找饭金融信息服务有限公司,宁波-鄞州区,0.6-1万/月,2年经验,大专
python开发工程师,http://jobs.51job.com/shanghai-mhq/87016966.html?s=01&t=0,华住酒店管理有限公司,上海-闵行区,6-8千/月,,本科
python web开发工程师,http://jobs.51job.com/guangzhou-thq/87358721.html?s=01&t=0,浙江金科文化产业股份有限公司,异地招聘,0.8-1.5万/月,1年经验,
Python开发工程师,http://jobs.51job.com/beijing/85054155.html?s=01&t=0,中电科技（北京）有限公司,北京,1-1.5万/月,3-4年经验,本科
Python/Go 运维开发工程师,http://jobs.51job.com/shanghai-hpq/87385195.html?s=01&t=0,上海厚本金融信息服务有限公司,上海-黄浦区,1.5-2万/月,3-4年经验,本科
Python Ruby Rails高级开发工程师,http://jobs.51job.com/chongqing-jlpq/68566869.html?s=01&t=0,重庆融特通信技术有限公司,重庆-九龙坡区,0.6-1.2万/月,3-4年经验,本科
Python开发工程师,http://jobs.51job.com/guangzhou/87858770.html?s=01&t=0,广州汇智通信技术有限公司,广州,1.5-2万/月,1年经验,
Python及数据平台开发工程师,http://jobs.51job.com/wuhan-hsq/89490136.html?s=01&t=0,武汉理工数字传播工程有限公司,武汉-洪山区,0.8-1.3万/月,5-7年经验,本科
Python数据分析师,http://jobs.51job.com/beijing-ftq/90185782.html?s=01&t=0,中国软件与技术服务股份有限公司,北京-丰台区,1-1.5万/月,3-4年经验,本科
Python算法工程师,http://jobs.51job.com/beijing-hdq/89445866.html?s=01&t=0,北京振中电子技术有限公司,北京-海淀区,1.3-1.8万/月,2年经验,本科
Python后端技术经理,http://jobs.51job.com/hangzhou/91166638.html?s=01&t=0,浙江亿教亿学网络科技有限公司,杭州,2-4万/月,8-9年经验,
Python开发工程师,http://jobs.51job.com/shenzhen-ftq/86602533.html?s=01&t=0,深圳市博奥特科技有限公司,深圳-福田区,1.5-2万/月,,
Python高级开发工程师,http://jobs.51job.com/guangzhou-nsq/89151706.html?s=01&t=0,广州中国科学院计算机网络信息中心,广州-南沙区,1.3-1.8万/月,,
Python开发工程师,http://jobs.51job.com/beijing-hdq/88610184.html?s=01&t=0,北京易博中天科技有限公司,北京-海淀区,1-1.5万/月,,
Python开发工程师,http://jobs.51job.com/guangzhou/91345978.html?s=01&t=0,广州市西美信息科技有限公司,广州,1-1.3万/月,,大专
Python 开发工程师,http://jobs.51job.com/guangzhou/86184202.html?s=01&t=0,广州市擎天柱网络科技有限公司,广州,0.6-1.2万/月,,
Python开发工程师,http://jobs.51job.com/hangzhou-xhq/89484113.html?s=01&t=0,杭州数美科技有限公司,杭州-西湖区,0.7-1.4万/月,1年经验,大专
Python就业指导,http://jobs.51job.com/zhengzhou/89789401.html?s=01&t=0,传智播客教育集团郑州分校,郑州,0.7-1.5万/月,,大专
python就业指导专员,http://jobs.51job.com/beijing-cpq/89459343.html?s=01&t=0,北京传智播客教育科技有限公司,北京-昌平区,1-1.5万/月,1年经验,大专
Python开发工程师/Python程序员/python/爬虫工程师,http://jobs.51job.com/haining/84483815.html?s=01&t=0,海宁好德软件科技有限公司杭州分公司,海宁,6-8千/月,2年经验,大专
Python就业指导专员,http://jobs.51job.com/shenzhen-baq/90546319.html?s=01&t=0,传智播客教育集团深圳分校,深圳-宝安区,1.2-2万/月,2年经验,大专
Python开发工程师,http://jobs.51job.com/wuhan/78324457.html?s=01&t=0,凯信联合控股有限公司,武汉,0.7-1.2万/月,,本科
后端开发(PHP/ Python /nodejs),http://jobs.51job.com/hangzhou-xhq/87455288.html?s=01&t=0,杭州美盛红外光电技术有限公司,杭州-西湖区,1.2-2万/月,,
Python研发工程师,http://jobs.51job.com/shanghai-xhq/86930359.html?s=01&t=0,上海复星高科技（集团）有限公司,上海-徐汇区,0.7-1.5万/月,1年经验,
Python软件工程师（高薪+优秀团队）,http://jobs.51job.com/ningbo-hsq/90149168.html?s=01&t=0,浙江汇诚知识产权代理有限公司,宁波-海曙区,0.5-1万/月,1年经验,大专
python采集工程师,http://jobs.51job.com/beijing-cyq/91696880.html?s=01&t=0,第道南京信息技术有限公司,北京-朝阳区,1-1.5万/月,3-4年经验,大专
Python开发工程师,http://jobs.51job.com/hangzhou/82023650.html?s=01&t=0,浙江执御信息技术有限公司,杭州,1.5-2万/月,2年经验,
Python 开发工程师,http://jobs.51job.com/zhuhai/78851474.html?s=01&t=0,珠海市利保机器人有限公司,珠海,1-2万/月,,本科
Python开发工程师,http://jobs.51job.com/shanghai-xhq/85476680.html?s=01&t=0,杭州轻触科技有限公司,上海-徐汇区,1-2万/月,2年经验,
Python研发工程师,http://jobs.51job.com/kunshan/91500046.html?s=01&t=0,北京悦游信息技术有限公司,异地招聘,1-1.5万/月,2年经验,本科
python开发工程师,http://jobs.51job.com/guangzhou-yxq/91181907.html?s=01&t=0,广州君和信息技术有限公司,广州-越秀区,0.5-1万/月,1年经验,大专
软件开发工程师（.NET、Python）,http://jobs.51job.com/shenzhen-lgq/87354809.html?s=01&t=0,深圳市创世纪科技发展有限公司,深圳-龙岗区,1-1.5万/月,3-4年经验,本科
Python 研发工程师,http://jobs.51job.com/shanghai/90482474.html?s=01&t=0,上海店达信息技术有限公司,上海,1.5-2万/月,2年经验,本科
python工程师,http://jobs.51job.com/beijing-hdq/89122639.html?s=01&t=0,数据堂（北京）科技股份有限公司,北京-海淀区,0.8-1万/月,2年经验,本科
Python工程师助理周末双休五险一金,http://jobs.51job.com/dalian/90266069.html?s=01&t=0,大连友道信软科技有限公司,大连,4-6千/月,无工作经验,大专
python开发工程师,http://jobs.51job.com/beijing-hdq/75891427.html?s=01&t=0,杭州迪普科技股份有限公司,北京-海淀区,10-20万/年,,本科
服务端研发工程师-Python（万得子公司）,http://jobs.51job.com/shanghai-pdxq/84229025.html?s=01&t=0,万得信息技术股份有限公司（Wind资讯）,上海-浦东新区,,2年经验,本科
Python开发工程师,http://jobs.51job.com/hangzhou/85894249.html?s=01&t=0,杭州中焯信息技术股份有限公司,杭州,0.8-1.2万/月,,
Python开发工程师,http://jobs.51job.com/fuzhou/87049424.html?s=01&t=0,北京新大陆时代教育科技有限公司,福州,6-8千/月,,本科
Python开发工程师,http://jobs.51job.com/shanghai-mhq/91590894.html?s=01&t=0,艺链（上海）实业有限公司,上海-闵行区,1-1.8万/月,2年经验,本科
职位名,链接,公司名,工作地点,薪资,经验,学历
Python开发工程师,http://jobs.51job.com/guangzhou/84835721.html?s=01&t=0,赛业（广州）生物科技有限公司,广州,6-8千/月,1年经验,大专
python工程师,http://jobs.51job.com/shenzhen/90317098.html?s=01&t=0,中亚置业集团有限公司,深圳,0.8-1.5万/月,1年经验,大专
Python开发工程师,http://jobs.51job.com/shanghai/89206858.html?s=01&t=0,上海知临信息技术有限公司,上海,0.8-1.2万/月,2年经验,大专
Python/PHP 语言开发工程师-YL,http://jobs.51job.com/shenzhen-nsq/84414991.html?s=01&t=0,深圳瀚德金融控股有限公司,深圳-南山区,1-3万/月,5-7年经验,
Python工程师,http://jobs.51job.com/beijing-cyq/87019219.html?s=01&t=0,雷石集团,北京-朝阳区,1-2万/月,3-4年经验,本科
python后端工程师,http://jobs.51job.com/shanghai/85313144.html?s=01&t=0,上海数享信息技术有限公司,上海,1.5-3万/月,,
Go/C#/Java/python/C 资深研发工程师,http://jobs.51job.com/wuhan-jhq/79974764.html?s=01&t=0,武汉慧通远达信息技术有限公司,武汉-江汉区,0.8-1.2万/月,,
Python开发工程师,http://jobs.51job.com/shanghai-cnq/91692026.html?s=01&t=0,亚创博彦（上海）信息技术有限公司,上海-长宁区,1-2万/月,,
Python开发工程师,http://jobs.51job.com/shanghai-jdq/91823195.html?s=01&t=0,上海东融投资管理有限公司,上海-嘉定区,1-1.5万/月,2年经验,本科
Python开发工程师,http://jobs.51job.com/suzhou-gyyq/85621528.html?s=01&t=0,江苏通付盾科技有限公司,苏州-工业园区,0.8-1.2万/月,,本科
Python开发工程师,http://jobs.51job.com/beijing/89441583.html?s=01&t=0,北京百悟科技有限公司,北京,1.5-2万/月,3-4年经验,
JAVA/Python开发工程师,http://jobs.51job.com/yantai/87622689.html?s=01&t=0,烟台欣和企业食品有限公司,烟台,6-8千/月,1年经验,大专
Python高级开发工程师,http://jobs.51job.com/shenzhen-nsq/88431822.html?s=01&t=0,贝深科技（深圳）有限公司,深圳-南山区,2-2.5万/月,5-7年经验,本科
Python开发工程师,http://jobs.51job.com/jinhua/92153836.html?s=01&t=0,5173中国网络游戏服务网,金华,0.6-1万/月,,
Python开发工程师,http://jobs.51job.com/shenzhen-ftq/87813855.html?s=01&t=0,深圳市网新新思软件有限公司,深圳-福田区,0.9-1.6万/月,3-4年经验,本科
python开发工程师,http://jobs.51job.com/guangzhou/64056639.html?s=01&t=0,广东亿迅科技有限公司,广州,1.5-2万/月,1年经验,本科
Python软件工程师,http://jobs.51job.com/beijing-dcq/73551550.html?s=01&t=0,沈阳民航东北凯亚有限公司大连分公司,北京-东城区,0.8-1.2万/月,2年经验,本科
Python开发工程师,http://jobs.51job.com/shenzhen-nsq/88652246.html?s=01&t=0,深圳市富士智能系统有限公司,深圳-南山区,1-1.5万/月,,本科
Python开发工程师,http://jobs.51job.com/beijing-hdq/88369411.html?s=01&t=0,北京中创信测科技股份有限公司,北京-海淀区,1.5-2.5万/月,2年经验,本科
Python工程师,http://jobs.51job.com/chengdu/75582132.html?s=01&t=0,成都赫尔墨斯科技有限公司,成都,0.8-1万/月,1年经验,本科
Python开发工程师,http://jobs.51job.com/qingdao-lsq/90482491.html?s=01&t=0,青岛青科世纪信息技术有限公司,青岛-崂山区,0.6-1万/月,3-4年经验,本科
Python开发工程师,http://jobs.51job.com/shenzhen-nsq/88807479.html?s=01&t=0,广东粤数大数据有限公司,深圳-南山区,1-2万/月,3-4年经验,
PYTHON/PHP程序员,http://jobs.51job.com/wenzhou/85855832.html?s=01&t=0,浙江百先得服饰有限公司,温州,4-8千/月,1年经验,大专
python/PHP 网络开发工程师,http://jobs.51job.com/shanghai-pdxq/92194096.html?s=01&t=0,上海聆莺网络科技有限公司,上海-浦东新区,1-1.5万/月,,本科
python开发工程师（腾讯项目）,http://jobs.51job.com/shenzhen/92174039.html?s=01&t=0,深圳前海百川投资管理咨询有限公司,深圳,4.5-6千/月,,大专
后台高级开发工程师（python方向）,http://jobs.51job.com/beijing-hdq/92162057.html?s=01&t=0,北京富邦智慧物联科技有限公司,北京-海淀区,1.5-2万/月,5-7年经验,本科
Python Web 开发工程师,http://jobs.51job.com/beijing-cyq/90402001.html?s=01&t=0,北京华路时代信息技术股份有限公司,北京-朝阳区,1-1.5万/月,1年经验,
Python开发工程师,http://jobs.51job.com/guangzhou-thq/89712024.html?s=01&t=0,广州市伟宏计算机科技有限公司,广州-天河区,1-1.5万/月,3-4年经验,本科
Python PyQt开发工程师,http://jobs.51job.com/shanghai-mhq/90625860.html?s=01&t=0,上海卓盟信息科技有限公司,上海-闵行区,0.6-1.2万/月,2年经验,
Python大数据分析师,http://jobs.51job.com/hangzhou-xcq/92134729.html?s=01&t=0,杭州西线教育科技有限公司,杭州-下城区,1-1.5万/月,无工作经验,
Python,http://jobs.51job.com/beijing-ftq/82824658.html?s=01&t=0,首页大数据科技股份有限公司,北京-丰台区,0.6-1万/月,,
Python讲师,http://jobs.51job.com/zhengzhou-gxq/92137243.html?s=01&t=0,河南蓝鸥科技有限公司,郑州-高新区,1-1.8万/月,,本科
Python开发工程师,http://jobs.51job.com/beijing/82054809.html?s=01&t=0,北京市博汇科技股份有限公司,北京,0.7-1.3万/月,,本科
Python软件工程师,http://jobs.51job.com/nanjing/78620237.html?s=01&t=0,南京优玛软件科技有限公司,南京,6-8千/月,,大专
Python爬虫开发工程师,http://jobs.51job.com/chengdu-whq/88007506.html?s=01&t=0,成都易屋之家科技有限公司,成都-武侯区,0.8-1.5万/月,3-4年经验,大专
Python开发工程师,http://jobs.51job.com/shanghai-zbq/92115985.html?s=01&t=0,上海屹脉信息科技有限公司,上海-闸北区,0.8-1.2万/月,,
python后台开发工程师,http://jobs.51job.com/shenzhen-nsq/90380606.html?s=01&t=0,深圳市悦动天下科技有限公司,深圳-南山区,1-2万/月,2年经验,本科
python软件工程师,http://jobs.51job.com/jinan/78265254.html?s=01&t=0,济南诚方网络科技有限公司,济南,4-6千/月,,大专
Python高级开发工程师,http://jobs.51job.com/beijing-dcq/87245348.html?s=01&t=0,比尔信息技术（北京）有限公司,北京-东城区,1-1.5万/月,3-4年经验,
Python开发工程师,http://jobs.51job.com/beijing-hdq/79565714.html?s=01&t=0,北京网拓时代科技有限公司,北京-海淀区,1-1.5万/月,2年经验,本科
数据处理工程师（python爬虫）,http://jobs.51job.com/beijing/92144107.html?s=01&t=0,北京译泰教育科技有限公司,北京,1-1.5万/月,,
python开发工程师,http://jobs.51job.com/haikou/84154949.html?s=01&t=0,海南讯海科技有限公司,海口,1-1.5万/月,2年经验,本科
Python工程师,http://jobs.51job.com/wuxi/92085596.html?s=01&t=0,无锡联云世纪科技股份有限公司,无锡,0.8-1万/月,2年经验,本科
PHP/Python ERP软件开发工程师,http://jobs.51job.com/guangzhou-thq/88656867.html?s=01&t=0,天意有福科技股份有限公司,广州-天河区,0.6-1万/月,2年经验,大专
高级Python开发工程师,http://jobs.51job.com/hangzhou-xhq/74905687.html?s=01&t=0,杭州新思维计算机有限公司,杭州-西湖区,0.8-1万/月,,本科
Python高级开发工程师,http://jobs.51job.com/guangzhou/86386455.html?s=01&t=0,广州市方越信息科技有限公司,广州,0.6-1万/月,,大专
资深Python 开发工程师,http://jobs.51job.com/shanghai/88466739.html?s=01&t=0,东方财富信息股份有限公司,上海,,,本科
Python开发工程师,http://jobs.51job.com/changchun/84331236.html?s=01&t=0,长春市才库管理咨询有限公司,长春,0.8-1万/月,2年经验,本科
Python开发工程师,http://jobs.51job.com/changsha-ylq/91519534.html?s=01&t=0,湖南栎讯信息科技有限公司,长沙-岳麓区,0.8-1.5万/月,,
Perl开发工程师/c#开发工程师/python开发工程师,http://jobs.51job.com/beijing-hdq/89428872.html?s=01&t=0,北京华信空天科技有限公司,北京-海淀区,6-8千/月,无工作经验,本科
职位名,链接,公司名,工作地点,薪资,经验,学历
Python开发工程师,http://jobs.51job.com/guangzhou-thq/91323919.html?s=01&t=0,广州另类网络科技有限公司,广州-天河区,1-1.5万/月,2年经验,大专
Python开发工程师,http://jobs.51job.com/guangzhou-thq/90689367.html?s=01&t=0,广州安正软件股份有限公司,广州-天河区,5-8千/月,1年经验,大专
Python开发工程师,http://jobs.51job.com/beijing/86472293.html?s=01&t=0,360企业安全集团,北京,1-2万/月,,本科
Python数据开发工程师,http://jobs.51job.com/shanghai-sjq/90826279.html?s=01&t=0,上海巨人网络科技有限公司,上海-松江区,1.5-2万/月,,大专
Python软件开发工程师,http://jobs.51job.com/guangzhou/85845717.html?s=01&t=0,深圳市商沃科技发展有限公司,广州,0.8-1万/月,1年经验,本科
Python开发工程师,http://jobs.51job.com/beijing-hdq/89883618.html?s=01&t=0,会找房（北京）网络技术有限公司,北京-海淀区,1.5-3万/月,3-4年经验,本科
后端开发 C/C++/java/Python/PHP/Go,http://jobs.51job.com/nanjing-qhq/90809581.html?s=01&t=0,南京鹏都广告有限公司,南京-秦淮区,20-30万/年,,大专
开发工程师（python方向）,http://jobs.51job.com/xian/91015811.html?s=01&t=0,北京银港科技有限公司,西安,0.8-1万/月,2年经验,本科
python开发工程师,http://jobs.51job.com/shenzhen-nsq/90001501.html?s=01&t=0,深圳市乐易网络股份有限公司,深圳-南山区,1.5-2万/月,,本科
python,http://jobs.51job.com/shenzhen-nsq/90621063.html?s=01&t=0,深圳融天云科软件技术有限公司,深圳-南山区,1-1.5万/月,,大专
Python开发工程师,http://jobs.51job.com/beijing-cyq/87292680.html?s=01&t=0,北京钱方银通科技有限公司,北京-朝阳区,1.5-2万/月,3-4年经验,本科
Python开发工程师,http://jobs.51job.com/shenzhen-nsq/79124210.html?s=01&t=0,深圳市你我金融信息服务股份有限公司,深圳-南山区,1-2.5万/月,,大专
Python开发人员,http://jobs.51job.com/dongguan/92206253.html?s=01&t=0,广东瑞恩科技有限公司,东莞,4.5-6千/月,,本科
Python开发工程师,http://jobs.51job.com/chongqing-ybq/92205818.html?s=01&t=0,重庆国翰能源发展有限公司,重庆-渝北区,0.6-1万/月,,本科
Python软件工程师,http://jobs.51job.com/guangzhou-lgq/92204985.html?s=01&t=0,京信通信系统（广州）有限公司,广州-萝岗区,6-8千/月,,
Python开发工程师,http://jobs.51job.com/guangzhou-lwq/71362309.html?s=01&t=0,广州七乐康药业连锁有限公司,广州-荔湾区,1-1.5万/月,,
python开发工程师,http://jobs.51job.com/beijing-hdq/84989159.html?s=01&t=0,国广东方网络（北京）有限公司,北京-海淀区,1-1.5万/月,,
Python web(Django)程序员,http://jobs.51job.com/shanghai/88905601.html?s=01&t=0,上海音达科技实业有限公司,上海,1-1.5万/月,2年经验,本科
后端开发工程师（lua、python中间件方向）,http://jobs.51job.com/shanghai-xhq/91854738.html?s=01&t=0,上海卓易科技股份有限公司,上海-徐汇区,1-1.8万/月,1年经验,大专
Python开发,http://jobs.51job.com/shanghai-ypq/79987545.html?s=01&t=0,上海骞云信息科技有限公司,上海-杨浦区,1.2-2.4万/月,2年经验,本科
Python工程师（finance data analysis）,http://jobs.51job.com/shanghai-pdxq/91860982.html?s=01&t=0,普华永道信息技术（上海）有限公司,上海-浦东新区,1.3-1.8万/月,,本科
Python软件工程师,http://jobs.51job.com/guangzhou-thq/49364484.html?s=01&t=0,广州市邦富软件有限公司,广州-天河区,0.8-1万/月,1年经验,大专
Python开发工程师,http://jobs.51job.com/guangzhou-thq/90225993.html?s=01&t=0,海南元游信息技术有限公司广州分公司,广州-天河区,1-1.5万/月,,
python开发工程师,http://jobs.51job.com/jinshuiqu/68070010.html?s=01&t=0,郑州创恒实业有限公司,郑州-金水区,4-6千/月,1年经验,本科
python开发工程师,http://jobs.51job.com/guangzhou/90074519.html?s=01&t=0,东软云科技有限公司,广州,6-8千/月,,大专
Python开发工程师,http://jobs.51job.com/shenzhen-baq/86069225.html?s=01&t=0,深圳市对酒当歌科技有限公司,深圳-宝安区,1-2万/月,,本科
手游研发工程师（Python）（初级）,http://jobs.51job.com/beijing/65682385.html?s=01&t=0,北京凯奇谷信息技术股份有限公司,北京,0.6-1万/月,1年经验,本科
Python 爬虫工程师,http://jobs.51job.com/shenzhen-nsq/91840182.html?s=01&t=0,深圳市比一比网络科技有限公司,深圳-南山区,1.5-2万/月,2年经验,
Python开发工程师,http://jobs.51job.com/shanghai-ypq/91286866.html?s=01&t=0,上海恺域信息科技有限公司,上海-杨浦区,1.5-2万/月,3-4年经验,本科
Python高级开发工程师,http://jobs.51job.com/shenzhen/85675540.html?s=01&t=0,深圳市百诺信科技有限公司,深圳,1.5-2万/月,3-4年经验,大专
Python开发工程师,http://jobs.51job.com/shanghai-pdxq/90194045.html?s=01&t=0,上海n信息科技有限公司,上海-浦东新区,0.8-1万/月,,本科
Python高级开发工程师,http://jobs.51job.com/changsha-ylq/85342823.html?s=01&t=0,湖南动脑信息科技有限公司,长沙-岳麓区,1-2万/月,5-7年经验,
python开发工程师,http://jobs.51job.com/shanghai-mhq/75138734.html?s=01&t=0,上海擎云物联网股份有限公司,上海-闵行区,6-8千/月,1年经验,大专
python开发工程师,http://jobs.51job.com/shenzhen-nsq/83120740.html?s=01&t=0,深圳市思迪信息技术股份有限公司,深圳-南山区,1.5-2万/月,3-4年经验,
Python后端开发工程师,http://jobs.51job.com/shanghai-mhq/90184144.html?s=01&t=0,上海中路（集团）有限公司,上海-闵行区,1.5-2万/月,,
Python开发工程师,http://jobs.51job.com/guangzhou-thq/91794964.html?s=01&t=0,畅想互娱（北京）科技有限公司,广州-天河区,0.8-1.2万/月,1年经验,
后端开发工程师（Python方向）,http://jobs.51job.com/guangzhou-hzq/88029561.html?s=01&t=0,广州新的美地电子科技有限公司,广州-海珠区,1.5-2.5万/月,5-7年经验,
Python开发工程师,http://jobs.51job.com/beijing-cyq/91644266.html?s=01&t=0,北京量子金服网络科技有限公司,北京-朝阳区,1.5-2.2万/月,,硕士
Python开发工程师,http://jobs.51job.com/nanjing/91437617.html?s=01&t=0,江苏五星电器有限公司,南京,0.7-1.2万/月,1年经验,本科
PyThon开发,http://jobs.51job.com/changsha-ylq/83189089.html?s=01&t=0,长沙雨人网络安全技术有限公司,长沙-岳麓区,4-8千/月,,大专
Python工程师,http://jobs.51job.com/shanghai-pdxq/74393115.html?s=01&t=0,上海网钜信息科技有限公司,上海-浦东新区,0.8-1万/月,2年经验,
Python,http://jobs.51job.com/shenzhen/85826084.html?s=01&t=0,深圳易思网络技术有限公司,深圳,20-30万/年,,
Python开发工程师,http://jobs.51job.com/guangzhou-byq/90206990.html?s=01&t=0,名医汇,广州-白云区,5-8千/月,3-4年经验,本科
高级python开发工程师,http://jobs.51job.com/beijing/77245995.html?s=01&t=0,北京国双科技有限公司,北京,1.5-2万/月,,本科
Python开发工程师,http://jobs.51job.com/beijing-hdq/92166535.html?s=01&t=0,北京中科同向信息技术有限公司,北京-海淀区,1-2万/月,2年经验,本科
Python开发工程师,http://jobs.51job.com/shanghai/78412707.html?s=01&t=0,上海天玑数据技术有限公司,上海,10-15万/年,无工作经验,
Python后端开发工程师,http://jobs.51job.com/xiamen/92193702.html?s=01&t=0,网宿科技股份有限公司,厦门,0.8-1.5万/月,,本科
Python开发工程师,http://jobs.51job.com/shenzhen/91936733.html?s=01&t=0,深圳兆亮照明有限公司,深圳,1.5-2万/月,3-4年经验,本科
Python后台开发工程师,http://jobs.51job.com/shenzhen-nsq/88882426.html?s=01&t=0,深圳市星鱼科技有限公司,深圳-南山区,1-2.5万/月,2年经验,大专
Python开发工程师,http://jobs.51job.com/kunming/90464722.html?s=01&t=0,昆明俊云科技有限公司,昆明,0.8-1.2万/月,2年经验,本科
职位名,链接,公司名,工作地点,薪资,经验,学历
Python开发工程师,http://jobs.51job.com/hangzhou-xhq/91566830.html?s=01&t=0,浙江今明教育文化发展有限公司,杭州-西湖区,1-1.5万/月,,
python开发设计实习生/学徒（接收转行）,http://jobs.51job.com/nanjing-glq/89141668.html?s=01&t=0,麦子学院,南京-鼓楼区,4.5-6千/月,无工作经验,大专
Python开发工程师,http://jobs.51job.com/beijing/91619752.html?s=01&t=0,华信永益（北京）信息技术有限公司,北京,1.2-1.7万/月,2年经验,本科
Python web应用开发程序员,http://jobs.51job.com/beijing-hdq/73579310.html?s=01&t=0,北京江民新科技术有限公司,北京-海淀区,1-2万/月,,大专
Python 软件工程师,http://jobs.51job.com/shanghai-pdxq/89596418.html?s=01&t=0,上海领旗信息科技有限公司,上海-浦东新区,1-1.5万/月,,大专
python实习生,http://jobs.51job.com/chengdu/89781104.html?s=01&t=0,重庆卓睿信息技术有限公司,成都,4-6千/月,,
Python开发工程师,http://jobs.51job.com/wuhan/85355178.html?s=01&t=0,武汉噢易云计算股份有限公司,武汉,0.8-1.3万/月,,本科
Python开发,http://jobs.51job.com/shanghai/84077831.html?s=01&t=0,文思海辉技术有限公司Pactera Technology International Limited,上海,1.5-2万/月,1年经验,大专
Python Web后端工程师,http://jobs.51job.com/beijing-hdq/82617808.html?s=01&t=0,北京启明合心科技有限公司,北京-海淀区,2-3万/月,,本科
python工程师（爬虫）,http://jobs.51job.com/guangzhou-thq/89267821.html?s=01&t=0,广州飞特物流有限公司,广州-天河区,0.8-1.5万/月,2年经验,中专
python工程师,http://jobs.51job.com/chengdu-whq/90353706.html?s=01&t=0,成都柠檬时光科技有限公司,成都-武侯区,0.8-1.2万/月,2年经验,本科
Python开发（数据分析方向）,http://jobs.51job.com/chengdu/91504930.html?s=01&t=0,深圳市律溶软件开发有限公司,成都,4-6千/月,,
python 高级开发工程师,http://jobs.51job.com/guangzhou-thq/90212520.html?s=01&t=0,广州润普网络科技有限公司,广州-天河区,0.7-1万/月,2年经验,大专
Python工程师8k-20k,http://jobs.51job.com/taiyuan/92179357.html?s=01&t=0,北京芝麻街科技有限公司太原分公司,太原,0.8-2万/月,,本科
Python服务器工程师-小米电视,http://jobs.51job.com/beijing-hdq/86082573.html?s=01&t=0,北京小米数码科技有限公司,北京-海淀区,2-3万/月,,
Python开发工程师,http://jobs.51job.com/guangzhou/89522192.html?s=01&t=0,广州鑫尼网络科技有限公司,广州,0.7-1万/月,1年经验,大专
游戏运维工程师-python,http://jobs.51job.com/guangzhou-thq/83386033.html?s=01&t=0,广州光娱信息科技有限公司,广州-天河区,0.8-1万/月,1年经验,
Python 开发工程师,http://jobs.51job.com/shanghai-pdxq/73345939.html?s=01&t=0,上海沙塔信息科技有限公司,上海-浦东新区,1-2万/月,,本科
开发工程师（python/数据库方向）,http://jobs.51job.com/zhengzhou-zzxq/87214460.html?s=01&t=0,华信期货股份有限公司,郑州-郑东新区,0.6-1万/月,,硕士
Python开发工程师,http://jobs.51job.com/guangzhou/86062894.html?s=01&t=0,北京赞同科技发展有限公司驻广州办事处,广州,4.5-6千/月,,本科
Python开发工程师J14105,http://jobs.51job.com/shenzhen-nsq/91614378.html?s=01&t=0,携程旅行网深圳分公司,深圳-南山区,1.5-2万/月,2年经验,本科
Python开发工程师,http://jobs.51job.com/shenzhen-nsq/85321381.html?s=01&t=0,深圳市和讯华谷信息技术有限公司,深圳-南山区,1.2-2.4万/月,2年经验,本科
Python开发工程师,http://jobs.51job.com/beijing-cyq/91442305.html?s=01&t=0,北京微迅联创科技有限公司,北京-朝阳区,0.8-1.5万/月,2年经验,大专
Python开发工程师,http://jobs.51job.com/shenzhen/91642058.html?s=01&t=0,深圳市祥润信息技术有限公司,深圳,1-1.5万/月,3-4年经验,
Python开发助理/实习生     项目奖+提成,http://jobs.51job.com/shaanxisheng/89881899.html?s=01&t=0,西安蓝峰企业管理服务有限公司,异地招聘,4.5-6千/月,无工作经验,大专
python爬虫工程师,http://jobs.51job.com/tianjin/87991254.html?s=01&t=0,吉比艾（天津）软件研发有限公司,天津,6-8千/月,2年经验,本科
蛋壳公寓-Python工程师,http://jobs.51job.com/beijing-dcq/90631088.html?s=01&t=0,紫梧桐（北京）资产管理有限公司,北京-东城区,1.5-3万/月,3-4年经验,
Python研发工程师,http://jobs.51job.com/nanjing/80748032.html?s=01&t=0,江苏国瑞信安科技有限公司,南京,0.8-1万/月,2年经验,大专
Python高级开发工程师,http://jobs.51job.com/beijing/91787424.html?s=01&t=0,上海洞识信息科技有限公司,异地招聘,0.9-2万/月,3-4年经验,本科
工具开发工程师/Python开发工程师,http://jobs.51job.com/shanghai/90070434.html?s=01&t=0,上海逗屋网络科技有限公司,上海,1.5-2.5万/月,1年经验,
Python后端工程师,http://jobs.51job.com/wuhan-jhq/91546411.html?s=01&t=0,武汉灵山科技有限公司,武汉-江汉区,1-1.5万/月,3-4年经验,大专
Python高级软件工程师,http://jobs.51job.com/guangzhou-thq/89142700.html?s=01&t=0,广州英荔教育科技有限公司,广州-天河区,0.9-1.3万/月,3-4年经验,本科
Python开发工程师,http://jobs.51job.com/beijing/88092998.html?s=01&t=0,奇虎360科技有限公司,北京,,3-4年经验,本科
python工程师（网络安全）,http://jobs.51job.com/shanghai-xhq/84897675.html?s=01&t=0,红倍心（福建）生物科技有限公司上海分公司,上海-徐汇区,1.5-2万/月,3-4年经验,大专
棋牌开发python程序员欢迎优秀应届生,http://jobs.51job.com/guangzhou-lwq/91169683.html?s=01&t=0,广州领斐信息科技有限公司,广州-荔湾区,6-8千/月,无工作经验,大专
高级python后端工程师,http://jobs.51job.com/fuzhou-csq/85507359.html?s=01&t=0,福州东西电子商务有限公司,福州-仓山区,0.6-1.1万/月,,大专
Python高级开发工程师,http://jobs.51job.com/shanghai-pdxq/90293570.html?s=01&t=0,东吴在线（上海）金融信息服务有限公司,上海-浦东新区,1.5-3万/月,3-4年经验,本科
Python开发工程师,http://jobs.51job.com/xian-ytq/91223934.html?s=01&t=0,西安网星软件咨询服务有限公司,西安-雁塔区,0.8-1万/月,2年经验,本科
Python开发工程师,http://jobs.51job.com/beijing-hdq/80722125.html?s=01&t=0,北京六合新创科技有限公司,北京-海淀区,1-1.5万/月,2年经验,大专
Python开发工程师,http://jobs.51job.com/chengdu/89414957.html?s=01&t=0,成都市思叠科技有限公司,成都,4-8千/月,1年经验,本科
Python开发工程师,http://jobs.51job.com/wuhan-hyq/88965926.html?s=01&t=0,武汉艾利英科网络科技有限公司,武汉-汉阳区,0.6-1.2万/月,,
Python开发工程师,http://jobs.51job.com/changsha-ylq/91091412.html?s=01&t=0,深圳市原形信息技术有限公司,长沙-岳麓区,6-8千/月,2年经验,本科
Python Web开发工程师,http://jobs.51job.com/shanghai-mhq/89611931.html?s=01&t=0,上海志行合力网络技术有限公司,上海-闵行区,0.8-1万/月,,本科
python测试开发工程师,http://jobs.51job.com/hangzhou-yhq/85429784.html?s=01&t=0,中卫大河云联网络技术有限公司,杭州-余杭区,1-2万/月,3-4年经验,本科
Python开发工程师,http://jobs.51job.com/shanghai-xhq/70100126.html?s=01&t=0,北京众标智能科技有限公司,上海-徐汇区,1-1.5万/月,1年经验,大专
Python研发工程师,http://jobs.51job.com/shenzhen-nsq/88210309.html?s=01&t=0,深圳市青柏信息科技有限公司,深圳-南山区,1-2万/月,2年经验,本科
Python开发工程师,http://jobs.51job.com/guangzhou-pyq/91897025.html?s=01&t=0,广州人人科技有限公司,广州-番禺区,0.5-1.5万/月,2年经验,
python工程师,http://jobs.51job.com/beijing-hdq/79444493.html?s=01&t=0,清华大学交通研究所,北京-海淀区,0.6-1.5万/月,2年经验,本科
JAVA(Python)开发工程师,http://jobs.51job.com/nanjing-jnq/87024192.html?s=01&t=0,山东赛瑞思信息科技有限公司,南京-江宁区,0.8-1万/月,1年经验,本科
python后端主程,http://jobs.51job.com/shanghai-jaq/89913386.html?s=01&t=0,上海东方网电子商务投资有限公司,上海-静安区,1-1.5万/月,3-4年经验,
职位名,链接,公司名,工作地点,薪资,经验,学历
Python开发工程师,http://jobs.51job.com/hangzhou/67843710.html?s=01&t=0,杭州渥迩图科技有限公司,杭州,1-1.5万/月,,本科
Python工程师,http://jobs.51job.com/changsha-ylq/84617318.html?s=01&t=0,长沙辰运软件有限公司,长沙-岳麓区,1-1.5万/月,3-4年经验,
高级PHP开发工程师（需懂些Python）,http://jobs.51job.com/shanghai/85137438.html?s=01&t=0,上海好体信息科技有限公司,上海,1.5-2.5万/月,3-4年经验,本科
Python开发工程师,http://jobs.51job.com/shenzhen-ftq/90172882.html?s=01&t=0,深圳前海新富资本管理集团有限公司,深圳-福田区,1-1.5万/月,2年经验,本科
python工程师,http://jobs.51job.com/wuhan/84694188.html?s=01&t=0,武汉白虹软件科技有限公司,武汉,0.5-1万/月,,
python工程师,http://jobs.51job.com/guangzhou-thq/74581306.html?s=01&t=0,广州迪奥信息科技有限公司,广州-天河区,0.9-1.4万/月,1年经验,大专
python后台开发工程师,http://jobs.51job.com/shenzhen-nsq/80502637.html?s=01&t=0,深圳市观麦网络科技有限公司,深圳-南山区,1-2万/月,,本科
Python程序员(游戏开发),http://jobs.51job.com/shanghai-pdxq/80211803.html?s=01&t=0,上海指玩网络科技有限公司,上海-浦东新区,1.2-3万/月,,
Python工程师,http://jobs.51job.com/guangzhou/90514059.html?s=01&t=0,广州棒谷网络科技有限公司,广州,1-2万/月,2年经验,大专
Python高级工程师,http://jobs.51job.com/shenzhen/82306736.html?s=01&t=0,深圳市铺铺旺电子商务有限公司,深圳,10-15万/年,3-4年经验,
Python开发工程师,http://jobs.51job.com/hangzhou-xcq/90292686.html?s=01&t=0,浙江腾翊信息科技有限公司,杭州-下城区,1-1.5万/月,2年经验,本科
Python研发工程师,http://jobs.51job.com/zhuhai/71204925.html?s=01&t=0,深圳市比量科技传媒有限公司,珠海,0.5-1万/月,2年经验,
Python安全研发工程师,http://jobs.51job.com/shanghai-pdxq/88591747.html?s=01&t=0,上海巍擎信息技术有限责任公司,上海-浦东新区,0.8-1.6万/月,,本科
Python开发工程师,http://jobs.51job.com/shanghai-pdxq/85014051.html?s=01&t=0,上海驻云信息科技有限公司,上海-浦东新区,1.2-1.8万/月,3-4年经验,大专
Python开发工程师,http://jobs.51job.com/shanghai/88321064.html?s=01&t=0,阳光恒美金融信息技术服务（上海）股份有限公司,上海,1.5-2万/月,2年经验,本科
python开发工程师,http://jobs.51job.com/wuhan-hyq/89430116.html?s=01&t=0,武汉邻盛智能设备有限公司,武汉-汉阳区,6-8千/月,1年经验,
python攻城狮,http://jobs.51job.com/shenzhen-nsq/74090031.html?s=01&t=0,深圳市顺风车网络科技有限公司,深圳-南山区,1.5-2万/月,3-4年经验,本科
Python软件工程师,http://jobs.51job.com/hangzhou-bjq/84926455.html?s=01&t=0,杭州新方向网络技术有限公司,杭州-滨江区,1-1.5万/月,,
Java开发工程师(python),http://jobs.51job.com/beijing-cyq/90727686.html?s=01&t=0,北京昊合数据科技有限公司,北京-朝阳区,1-1.5万/月,3-4年经验,
python开发工程师  薪资10000以上,http://jobs.51job.com/hefei-lyq/91992042.html?s=01&t=0,安徽丽鑫智能科技有限公司,异地招聘,1-1.5万/月,3-4年经验,本科
python高级/中级软件工程师,http://jobs.51job.com/shenzhen-ytq/88758012.html?s=01&t=0,华大基因,深圳-盐田区,1.5-3万/月,3-4年经验,
风控系统python研发工程师,http://jobs.51job.com/shanghai-pdxq/91534824.html?s=01&t=0,上海银来投资（集团）有限公司,上海-浦东新区,0.8-2万/月,,本科
引擎开发工程师（python）,http://jobs.51job.com/chengdu-whq/91891266.html?s=01&t=0,江苏博智软件科技股份有限公司,成都-武侯区,1-1.5万/月,,
Python工程师,http://jobs.51job.com/beijing-cyq/83460128.html?s=01&t=0,北京瑞华康源科技有限公司,北京-朝阳区,1-1.5万/月,2年经验,
Python开发工程师,http://jobs.51job.com/shanghai-xhq/92032538.html?s=01&t=0,上海汇付数据服务有限公司,上海-徐汇区,1.5-2万/月,3-4年经验,本科
Python软件工程师,http://jobs.51job.com/wuhan-hsq/64274846.html?s=01&t=0,武汉金读科技有限公司,武汉-洪山区,6-8千/月,1年经验,大专
Python Dev.,http://jobs.51job.com/shanghai/90137659.html?s=01&t=0,瞬联软件科技（北京）有限公司 CIeNET Technologies,上海,0.9-1.7万/月,,
Python研发工程师,http://jobs.51job.com/beijing-hdq/85702305.html?s=01&t=0,上海隆达软件股份有限公司,北京-海淀区,1.5-2.5万/月,3-4年经验,大专
Python软件工程师,http://jobs.51job.com/ningbo-zhq/87341499.html?s=01&t=0,宁波市人才服务中心,宁波-镇海区,0.6-1.2万/月,2年经验,本科
猎头职位―python开发工程师（公司自己产品）,http://jobs.51job.com/shenyang-shq/89132376.html?s=01&t=0,沈阳贺祥杰商贸有限公司,沈阳-沈河区,0.6-1万/月,3-4年经验,本科
运维&python开发工程师（高级）,http://jobs.51job.com/chengdu/75570653.html?s=01&t=0,成都趣乐多科技有限公司,成都,0.8-1.5万/月,2年经验,大专
python开发工程师-上海-00095,http://jobs.51job.com/shanghai-hkq/69765009.html?s=01&t=0,通联数据股份公司,上海-虹口区,1.5-2万/月,,
Python 量化交易,http://jobs.51job.com/suzhou-gyyq/87886723.html?s=01&t=0,苏州金溢宝大数据科技有限公司,苏州-工业园区,0.7-1.5万/月,1年经验,本科
Python工程师（量化平台）,http://jobs.51job.com/beijing/91518857.html?s=01&t=0,中国金融在线-金融界,北京,1.5-2万/月,3-4年经验,本科
python后端研发工程师,http://jobs.51job.com/beijing-hdq/91786019.html?s=01&t=0,北京英孚泰克信息技术股份有限公司,北京-海淀区,0.8-1万/月,1年经验,本科
中高级python开发工程师,http://jobs.51job.com/beijing-xcq/88278267.html?s=01&t=0,大连信雅达软件有限公司,北京-西城区,1-1.5万/月,,本科
Django / Python 开发工程师,http://jobs.51job.com/guangzhou-hzq/87197841.html?s=01&t=0,广州城北信息科技有限公司,广州-海珠区,4.5-6千/月,2年经验,大专
python开发工程师,http://jobs.51job.com/shanghai/79192623.html?s=01&t=0,上海动艺网络科技有限公司,上海,1-1.5万/月,1年经验,
Python工程师,http://jobs.51job.com/fuzhou/84982669.html?s=01&t=0,长威信息科技发展股份有限公司,福州,0.7-1.3万/月,3-4年经验,本科
python开发实习生,http://jobs.51job.com/chengdu/91831203.html?s=01&t=0,大连聚佳信息技术有限公司,成都,3-4千/月,,
python研发工程师,http://jobs.51job.com/wuhan-wcq/87329044.html?s=01&t=0,武汉大源科技有限公司,武汉-武昌区,4-8千/月,2年经验,
后端工程师(Java/Python),http://jobs.51job.com/xiamen/89757578.html?s=01&t=0,骑记（厦门）科技有限公司,厦门,0.6-1.2万/月,2年经验,本科
产品开发工程师（Python）,http://jobs.51job.com/shenyang-dlhnq/75558911.html?s=01&t=0,北京筑梦园科技有限公司沈阳分公司,沈阳-东陵区（...,4-8千/月,,
Python 高级开发工程师,http://jobs.51job.com/nanjing/91535442.html?s=01&t=0,紫光西部数据有限公司,南京,30-40万/年,5-7年经验,本科
Python开发工程师,http://jobs.51job.com/hangzhou/91125992.html?s=01&t=0,杭州纳帕科技有限公司,杭州,0.8-1.5万/月,,
大数据高级工程师（Java、Python、Scala）,http://jobs.51job.com/lanzhou/88223952.html?s=01&t=0,北京先进数通信息技术股份公司,兰州,0.6-1万/月,3-4年经验,本科
PYTHON开发工程师,http://jobs.51job.com/beijing/84053820.html?s=01&t=0,北京旭日神州科技有限公司,北京,0.8-1万/月,3-4年经验,
Python开发工程师,http://jobs.51job.com/beijing/86786327.html?s=01&t=0,北京信威通信科技集团股份有限公司,北京,1.5-2万/月,,
Python软件开发,http://jobs.51job.com/ningbo/88453101.html?s=01&t=0,舜宇光学科技（集团）有限公司,宁波,8-10万/年,2年经验,本科
Python开发工程师,http://jobs.51job.com/hangzhou/87053875.html?s=01&t=0,杭州投融谱华互联网金融服务有限公司,杭州,1-2万/月,,
职位名,链接,公司名,工作地点,薪资,经验,学历
Python开发,http://jobs.51job.com/guangzhou-thq/84825943.html?s=01&t=0,上海新炬网络技术有限公司,广州-天河区,0.7-1.4万/月,,
python Web 应用开发工程师,http://jobs.51job.com/shenzhen-lgq/90931961.html?s=01&t=0,华耀城控股集团有限公司,深圳-龙岗区,5-6千/月,,本科
Python中高级工程师,http://jobs.51job.com/shenzhen-nsq/92013182.html?s=01&t=0,深圳市共济科技股份有限公司,深圳-南山区,1-3.5万/月,,本科
Python开发工程师,http://jobs.51job.com/beijing-dcq/76996777.html?s=01&t=0,北京神黄科技股份有限公司,北京-东城区,1-2万/月,,本科
PHP/JAVA/C++/Python软件开发工程师,http://jobs.51job.com/hangzhou/88253824.html?s=01&t=0,杭州奥蒂电控股份有限公司,杭州,0.8-1.5万/月,,大专
云计算工程师（Python）,http://jobs.51job.com/nanjing/91590881.html?s=01&t=0,南京熙泰信息技术有限公司,南京,0.8-1万/月,,大专
Python开发工程师,http://jobs.51job.com/chengdu-gxq/82690269.html?s=01&t=0,成都简乐互动科技有限公司,成都-高新区,6-9千/月,3-4年经验,本科
python研发工程师,http://jobs.51job.com/chongqing-ybq/75914790.html?s=01&t=0,重庆维普资讯有限公司,重庆-渝北区,4-7千/月,1年经验,本科
python软件工程师,http://jobs.51job.com/nanjing/83927710.html?s=01&t=0,南京辛巴达软件科技有限公司,南京,1-1.5万/月,3-4年经验,大专
网络安全工程师（python开发方向）,http://jobs.51job.com/shenzhen-lhq/86852495.html?s=01&t=0,深圳市茁壮网络股份有限公司,深圳-罗湖区,1-1.5万/月,,大专
python/java 中级工程师（网络爬虫方向）,http://jobs.51job.com/beijing-ftq/90177348.html?s=01&t=0,政府采购信息网,北京-丰台区,0.8-1.2万/月,2年经验,本科
Python开发工程师,http://jobs.51job.com/shanghai/91698659.html?s=01&t=0,Sumscope,上海,1-2万/月,2年经验,本科
Python后端工程师,http://jobs.51job.com/wuhan-jhq/89884881.html?s=01&t=0,北京今朝勇创科技有限公司,武汉-江汉区,0.6-1万/月,,本科
Python开发工程师（实习生）,http://jobs.51job.com/shenzhen-lgq/90809837.html?s=01&t=0,深圳市猎芯科技有限公司,深圳-龙岗区,3-5千/月,,大专
Python开发工程师,http://jobs.51job.com/shanghai-xhq/90634326.html?s=01&t=0,上海大岂网络科技有限公司,上海-徐汇区,1-2万/月,,本科
Python研发工程师,http://jobs.51job.com/beijing/84270164.html?s=01&t=0,北京格上理财顾问有限公司,北京,1.3-2.5万/月,,大专
Python工程师/软件工程师,http://jobs.51job.com/shenzhen/69387810.html?s=01&t=0,深圳市星商电子商务有限公司,深圳,4-8千/月,2年经验,本科
高级Python工程师,http://jobs.51job.com/beijing-hdq/85458414.html?s=01&t=0,北京新界教育科技有限公司,北京-海淀区,1-2万/月,3-4年经验,本科
Python开发工程师,http://jobs.51job.com/xian-gxjs/92152536.html?s=01&t=0,西安智汇方舟商务信息咨询有限公司,西安-高新技术...,0.8-1万/月,2年经验,
Python测试开发工程师,http://jobs.51job.com/shanghai-pdxq/87762470.html?s=01&t=0,上海陆家嘴国际金融资产交易市场股份有限公司,上海-浦东新区,1.5-3万/月,3-4年经验,本科
Python高级开发工程师,http://jobs.51job.com/shanghai-pdxq/90993555.html?s=01&t=0,平纳科（上海）信息咨询有限公司,上海-浦东新区,1.8-3万/月,2年经验,本科
python开发工程师,http://jobs.51job.com/beijing/82034361.html?s=01&t=0,北京龙腾佳讯科技股份公司,北京,1-2.5万/月,3-4年经验,本科
python开发工程师,http://jobs.51job.com/shenzhen/78746381.html?s=01&t=0,深圳市极限网络科技有限公司,深圳,1-1.5万/月,1年经验,大专
Python开发工程师,http://jobs.51job.com/beijing/90172810.html?s=01&t=0,北京中宇华兴科技有限公司,北京,0.8-1万/月,1年经验,
Python高级开发工程师--长期有效,http://jobs.51job.com/guangzhou-yxq/78201876.html?s=01&t=0,广州市坚信信息科技有限公司,广州-越秀区,0.8-1.3万/月,3-4年经验,
Python开发工程师,http://jobs.51job.com/shenzhen-ftq/89886829.html?s=01&t=0,深圳市百迅科技有限公司,深圳-福田区,1-1.5万/月,,大专
Python软件工程师,http://jobs.51job.com/shanghai-ypq/86605197.html?s=01&t=0,上海伟梦物联网科技有限公司,上海-杨浦区,6-8千/月,3-4年经验,
Python软件工程师(实习),http://jobs.51job.com/guangzhou/81778820.html?s=01&t=0,广州市云润大数据服务有限公司,广州,7-12万/年,,
python开发工程师,http://jobs.51job.com/shanghai-cnq/78756753.html?s=01&t=0,圆通速递有限公司,上海-长宁区,1.5-2万/月,2年经验,大专
Python开发工程师,http://jobs.51job.com/zhuhai/92119659.html?s=01&t=0,哈工大机器人集团有限公司,珠海,0.6-2万/月,2年经验,本科
Python高级软件工程师,http://jobs.51job.com/shanghai-bsq/89975356.html?s=01&t=0,上海速飞智能科技有限公司,上海-宝山区,0.8-1万/月,2年经验,
(ID60264)汽车电子-嵌入式工具开发C/Perl/Python,http://jobs.51job.com/shanghai/90430552.html?s=01&t=0,上海任仕达人才服务有限公司,上海,0.8-1万/月,1年经验,本科
Python数据挖掘工程师（爬虫方向）,http://jobs.51job.com/shenzhen-lhxq/85304858.html?s=01&t=0,深圳市新一洲贸易有限公司,深圳-龙华新区,1-1.5万/月,2年经验,大专
Python开发工程师,http://jobs.51job.com/nanjing-jnq/90511376.html?s=01&t=0,无锡华路时代信息技术有限公司,南京-江宁区,0.6-1万/月,,
Python后端数据工程师,http://jobs.51job.com/shanghai-zbq/86794426.html?s=01&t=0,上海卓隽信息技术股份有限公司,上海-闸北区,0.8-1万/月,2年经验,大专
中级Python开发工程师,http://jobs.51job.com/beijing/91544009.html?s=01&t=0,北京飞利信科技股份有限公司,北京,1.2-2万/月,,本科
Python开发工程师,http://jobs.51job.com/shenzhen-nsq/62908683.html?s=01&t=0,深圳市视维科技股份有限公司,深圳-南山区,1-1.5万/月,,本科
Python开发工程师,http://jobs.51job.com/tianjin-hxq/87719436.html?s=01&t=0,上海敬庸信息科技有限公司,天津-河西区,1-2万/月,3-4年经验,大专
Python Web产品开发工程师,http://jobs.51job.com/guangzhou/85264305.html?s=01&t=0,广州商脉网络科技有限公司,广州,6-8千/月,3-4年经验,本科
Python开发工程师,http://jobs.51job.com/shanghai/91513834.html?s=01&t=0,上海鹰爪网络科技有限公司,上海,1-1.5万/月,,本科
Linux python开发运维,http://jobs.51job.com/hangzhou/76584846.html?s=01&t=0,杭州联众医疗科技股份有限公司,杭州,1-2万/月,2年经验,大专
python开发工程师/python爬虫/python数据挖掘,http://jobs.51job.com/guangzhou/85710433.html?s=01&t=0,广州八百方信息技术有限公司,广州,0.6-1.8万/月,2年经验,大专
Python开发工程师,http://jobs.51job.com/foshan/88198749.html?s=01&t=0,广东宝裕集团有限公司,佛山,5-7千/月,2年经验,大专
python软件开发工程师,http://jobs.51job.com/wuhan/71286266.html?s=01&t=0,武汉旷腾信息技术有限公司,武汉,10-15万/年,2年经验,本科
高级软件工程师（python方向）,http://jobs.51job.com/wuhan-hsq/85615265.html?s=01&t=0,烽火通信科技股份有限公司,武汉-洪山区,10-15万/年,,本科
Python开发工程师,http://jobs.51job.com/shenzhen-lhxq/88086202.html?s=01&t=0,深圳市零壹移动互联系统有限公司,深圳-龙华新区,1.5-3万/月,3-4年经验,本科
python讲师,http://jobs.51job.com/xian/90947507.html?s=01&t=0,西安飞凡网络技术咨询有限公司,西安,0.8-1万/月,,
高级Python工程师,http://jobs.51job.com/shanghai-jaq/88424074.html?s=01&t=0,上海汇银（集团）有限公司,上海-静安区,1.5-2万/月,,大专
Python开发工程师,http://jobs.51job.com/wuhan-jhq/90675799.html?s=01&t=0,善缘金金融,武汉-江汉区,4-8千/月,无工作经验,本科
大数据平台开发工程师（java/python）,http://jobs.51job.com/beijing/84533097.html?s=01&t=0,北京天行汇通信息技术有限公司,北京,1.5-2万/月,3-4年经验,本科
职位名,链接,公司名,工作地点,薪资,经验,学历
Python高级开发工程师,http://jobs.51job.com/shenzhen-ftq/91281665.html?s=01&t=0,深圳市财智叁陆伍科技有限公司,深圳-福田区,1.5-2.5万/月,3-4年经验,大专
Python开发工程师,http://jobs.51job.com/shanghai-cnq/87896446.html?s=01&t=0,再惠（上海）网络科技有限公司,上海-长宁区,1.8-3.5万/月,,本科
区块链开发-go-c++-python（15k-22k）,http://jobs.51job.com/hangzhou-bjq/92232726.html?s=01&t=0,杭州复杂美科技有限公司,杭州-滨江区,1.5-2万/月,5-7年经验,
Python/Django web开发工程师,http://jobs.51job.com/beijing/87229300.html?s=01&t=0,北京真朴教育科技发展有限公司,北京,6-8千/月,2年经验,大专
Python开发工程师,http://jobs.51job.com/shanghai-xhq/85012216.html?s=01&t=0,赫里普（上海）信息科技有限公司,上海-徐汇区,1-2万/月,3-4年经验,本科
软件工程师（Python开发）,http://jobs.51job.com/shanghai-jaq/85457930.html?s=01&t=0,上海优帕克企业发展有限公司,上海-静安区,2-2.5万/月,,
"python运维工程师(zabbix,私有云方向)",http://jobs.51job.com/guangzhou-yxq/76419982.html?s=01&t=0,久邦数码,广州-越秀区,1.5-3万/月,3-4年经验,大专
Python开发工程师,http://jobs.51job.com/shenzhen/88660639.html?s=01&t=0,深圳花果山科技有限公司,深圳,4-8千/月,,本科
python开发工程师/爬虫/数据挖掘,http://jobs.51job.com/guiyang/87732653.html?s=01&t=0,贵州国信通电子商务有限公司,贵阳,6-8千/月,,
Python游戏逻辑开发工程师,http://jobs.51job.com/xiamen/87211461.html?s=01&t=0,厦门第二世界网络科技有限公司,异地招聘,4-6千/月,,
生物信息工程师（python）,http://jobs.51job.com/shanghai-pdxq/91651391.html?s=01&t=0,上海伯豪生物技术有限公司,上海-浦东新区,6-8千/月,,本科
Python Web 工程师,http://jobs.51job.com/guangzhou-hzq/89183059.html?s=01&t=0,广州爱范儿科技股份有限公司,广州-海珠区,0.7-1.4万/月,1年经验,本科
Python数据开发工程师,http://jobs.51job.com/beijing-cyq/91298375.html?s=01&t=0,北京亿维鸿科技有限公司,北京-朝阳区,5-9千/月,无工作经验,大专
项目研发经理（python平台）,http://jobs.51job.com/shanghai/89796534.html?s=01&t=0,上海锦游网络技术有限公司,上海,1.5-2万/月,2年经验,本科
Java/Python开发工程师,http://jobs.51job.com/changsha/82701631.html?s=01&t=0,湖南天云软件技术有限公司,长沙,0.8-1.5万/月,3-4年经验,本科
高级Python开发工程师,http://jobs.51job.com/guangzhou-thq/84766991.html?s=01&t=0,广州中广计算机科技有限公司,广州-天河区,1-1.5万/月,5-7年经验,大专
Python运维开发工程师,http://jobs.51job.com/shanghai/91244474.html?s=01&t=0,上海宝尊电子商务有限公司,上海,1-2万/月,2年经验,大专
Python高级开发工程师,http://jobs.51job.com/kunming-xsq/86920853.html?s=01&t=0,昆明信息港传媒有限责任公司,昆明-西山区,0.7-1.2万/月,,大专
云方向业务部门_Python开发工程师,http://jobs.51job.com/beijing-hdq/84089273.html?s=01&t=0,北京思特奇信息技术股份有限公司,北京-海淀区,1-1.5万/月,3-4年经验,本科
Python开发工程师,http://jobs.51job.com/ningbo/82579294.html?s=01&t=0,宁波岳润信息科技有限公司,宁波,1-2万/月,1年经验,大专
python 软件工程师,http://jobs.51job.com/beijing-cyq/87812850.html?s=01&t=0,拍库（北京）科技有限公司,北京-朝阳区,1.5-2.5万/月,,
Python开发工程师,http://jobs.51job.com/kunming-xsq/90089387.html?s=01&t=0,云南酉胥科技有限公司,昆明-西山区,7-9千/月,3-4年经验,大专
测试工程师python,http://jobs.51job.com/beijing-hdq/91314798.html?s=01&t=0,北京文安智能技术股份有限公司,北京-海淀区,1-1.5万/月,,本科
Python讲师,http://jobs.51job.com/beijing/87018614.html?s=01&t=0,北京千锋互联科技有限公司,北京,1.5-2万/月,,
python开发工程师,http://jobs.51job.com/hangzhou-bjq/65882304.html?s=01&t=0,杭州沃趣科技股份有限公司,杭州-滨江区,0.6-1.5万/月,2年经验,
Python开发工程师,http://jobs.51job.com/chengdu-gxq/91544729.html?s=01&t=0,四川上尚善网络科技有限公司,成都-高新区,1-1.2万/月,2年经验,本科
Python开发工程师,http://jobs.51job.com/wuhan/85090499.html?s=01&t=0,武汉朱雀闻天科技有限公司,武汉,15-20万/年,2年经验,本科
Python/Ruby软件开发工程师,http://jobs.51job.com/qingdao-snq/90949061.html?s=01&t=0,青岛青软科技有限公司,青岛-市南区,4-7千/月,,大专
python讲师（***）,http://jobs.51job.com/beijing-hdq/83720306.html?s=01&t=0,北京师大安博教育科技有限责任公司,异地招聘,3-4.5千/月,,大专
课研部主管兼培训讲师（Python方向）,http://jobs.51job.com/chengdu-px/91280386.html?s=01&t=0,成都优易数据有限公司,成都-郫县,0.8-1.5万/月,3-4年经验,本科
Python开发工程师（马尾）,http://jobs.51job.com/fuzhou-mwq/91135898.html?s=01&t=0,福建省钜元国际会展有限公司,福州-马尾区,0.6-1.2万/月,1年经验,大专
Python,http://jobs.51job.com/shenzhen-nsq/88224043.html?s=01&t=0,广州碧软信息科技有限公司,深圳-南山区,0.9-1.5万/月,3-4年经验,大专
Python Engineer Python 开发工程师,http://jobs.51job.com/chengdu-jjq/58578618.html?s=01&t=0,四川摩奇信息技术有限公司,成都-锦江区,7-9千/月,1年经验,本科
Python工程师,http://jobs.51job.com/tianjin/90170374.html?s=01&t=0,南京甄视智能科技有限公司,天津,1-2万/月,,
Python开发工程师,http://jobs.51job.com/guangzhou-thq/85516425.html?s=01&t=0,广州市考拉先生网络科技有限公司,广州-天河区,0.8-1.5万/月,2年经验,大专
Python自动化测试工程师,http://jobs.51job.com/shanghai-hkq/88014403.html?s=01&t=0,中腾信金融信息服务（上海）有限公司,上海-虹口区,1-1.5万/月,,本科
手游后端开发（Python）,http://jobs.51job.com/shanghai-pdxq/90875099.html?s=01&t=0,上海象融蓝海文化传媒有限公司,上海-浦东新区,0.8-1万/月,1年经验,大专
python研发工程师,http://jobs.51job.com/beijing/72822859.html?s=01&t=0,北京首都在线科技股份有限公司,北京,0.8-3万/月,,本科
Python讲师,http://jobs.51job.com/shanghai/89967073.html?s=01&t=0,海文信息技术有限公司,上海,1-1.5万/月,1年经验,本科
Python开发工程师,http://jobs.51job.com/guangzhou-thq/81495735.html?s=01&t=0,广州奇异果互动科技股份有限公司,广州-天河区,0.8-1万/月,1年经验,大专
Python开发工程师,http://jobs.51job.com/shanghai/89716807.html?s=01&t=0,上海南天电脑系统有限公司,上海,1-1.5万/月,,
Python Developer Python开发工程师,http://jobs.51job.com/chengdu/73944430.html?s=01&t=0,昊盈信息技术（成都）有限公司,成都,0.8-1万/月,,本科
"实习生（Java, Python）",http://jobs.51job.com/shanghai-xhq/87570343.html?s=01&t=0,上海驹旗网络科技有限公司,上海-徐汇区,150元/天,无工作经验,本科
Python开发工程师,http://jobs.51job.com/beijing/89020269.html?s=01&t=0,北京迈基诺基因科技股份有限公司,北京,0.8-1万/月,,本科
Python开发工程师（maya插件）,http://jobs.51job.com/beijing-cpq/90709443.html?s=01&t=0,北京若森数字科技有限公司,北京-昌平区,0.8-1.5万/月,,大专
Python运维开发工程师,http://jobs.51job.com/beijing-cyq/85629187.html?s=01&t=0,北京畅行信息技术有限公司,北京-朝阳区,1-1.5万/月,,本科
CG流程工程师/Python程序员,http://jobs.51job.com/hangzhou/79184061.html?s=01&t=0,浙江紫桓华韵影视制作有限公司,杭州,1-3万/月,,本科
Python高级软件工程师,http://jobs.51job.com/suzhou/91592266.html?s=01&t=0,图玛深维医疗科技（苏州）有限公司,苏州,1.5-2万/月,,本科
Python运维开发工程师,http://jobs.51job.com/fuzhou/86174622.html?s=01&t=0,福州靠谱云科技有限公司,福州,0.5-1万/月,1年经验,大专
Python工程师,http://jobs.51job.com/hangzhou-xhq/87598136.html?s=01&t=0,北京淘乐创想科技有限公司,杭州-西湖区,0.5-1万/月,1年经验,本科
职位名,链接,公司名,工作地点,薪资,经验,学历
Python开发工程师,http://jobs.51job.com/beijing-hdq/84327498.html?s=01&t=0,玩蟹科技,北京-海淀区,1-1.5万/月,,
Python工程师（数据工程师）,http://jobs.51job.com/chengdu-gxq/82355764.html?s=01&t=0,成都九鼎天元知识产权代理有限公司,成都-高新区,3-8千/月,,本科
Python/Odoo初级开发工程师,http://jobs.51job.com/shanghai/78612413.html?s=01&t=0,上海企通软件有限公司,上海,6-8千/月,1年经验,
Python工程师,http://jobs.51job.com/guangzhou-byq/90098194.html?s=01&t=0,广州棒谷网络科技有限公司,广州-白云区,1-1.5万/月,2年经验,大专
python开发工程师,http://jobs.51job.com/nanjing-pkq/82269948.html?s=01&t=0,江苏瑞银产业,南京-浦口区,0.6-1.2万/月,,
自然语言处理工程师（python java),http://jobs.51job.com/shanghai-pdxq/85284427.html?s=01&t=0,上海茂景声信息科技有限公司,上海-浦东新区,1-1.5万/月,,
java/erlang/python/c++/php游戏服务器开发,http://jobs.51job.com/guangzhou-thq/91773961.html?s=01&t=0,广东卓纬科技有限公司,广州-天河区,1.5-2.5万/月,,
Python开发工程师,http://jobs.51job.com/shenzhen-nsq/87388294.html?s=01&t=0,深圳市芒柠科技有限公司,深圳-南山区,1.5-2.5万/月,,大专
Python开发工程师,http://jobs.51job.com/wuhan-hsq/87834739.html?s=01&t=0,深圳市蓝泰源信息技术股份有限公司,武汉-洪山区,0.9-1.6万/月,3-4年经验,本科
Python开发工程师,http://jobs.51job.com/chengdu/64144216.html?s=01&t=0,成都聚思力信息技术有限公司,成都,1-1.5万/月,2年经验,本科
Python运维工程师,http://jobs.51job.com/kunshan/87416552.html?s=01&t=0,昆山龙博信息科技有限公司,异地招聘,1-1.5万/月,3-4年经验,大专
JAVA/Python爬虫开发工程师,http://jobs.51job.com/shanghai/88889475.html?s=01&t=0,上海微问家信息技术有限公司（爱客CRM）,上海,1.5-2万/月,2年经验,大专
Python开发工程师,http://jobs.51job.com/xian/87318046.html?s=01&t=0,上海汇纳信息科技股份有限公司,西安,0.6-1万/月,1年经验,本科
Python工程师,http://jobs.51job.com/kunshan/82405824.html?s=01&t=0,昆山百诺信息科技有限公司,昆山,1-1.5万/月,,
技术工程部-python开发工程师-北京-02155,http://jobs.51job.com/beijing-hdq/89381347.html?s=01&t=0,北京搜狗科技发展有限公司,北京-海淀区,2-4万/月,,本科
odoo/Python开发工程师,http://jobs.51job.com/shenzhen-nsq/67023185.html?s=01&t=0,深圳市德立达科技有限公司,深圳-南山区,1-1.5万/月,2年经验,本科
YF-测试开发工程师(python/Django)-01,http://jobs.51job.com/hangzhou-bjq/84649338.html?s=01&t=0,杭州海康威视数字技术股份有限公司,杭州-滨江区,1-1.5万/月,1年经验,本科
python工程师,http://jobs.51job.com/chongqing-ybq/86222854.html?s=01&t=0,重庆米虫科技有限公司,重庆-渝北区,0.7-1.2万/月,,
高级软件测试工程师(Python),http://jobs.51job.com/shanghai-cnq/81563487.html?s=01&t=0,上海肯耐珂萨人才服务股份有限公司,上海-长宁区,1-1.5万/月,3-4年经验,本科
Python开发工程师,http://jobs.51job.com/nanjing/81222436.html?s=01&t=0,南京富士通南大软件技术有限公司,南京,10-15万/年,2年经验,本科
Python工程师（代招）,http://jobs.51job.com/shenzhen-lhq/91479512.html?s=01&t=0,深圳市伞友咖啡创业服务平台（有限合伙）,深圳-罗湖区,1.5-1.8万/月,,本科
运维&Python开发助理人员,http://jobs.51job.com/harbin/91743667.html?s=01&t=0,黑龙江万通文化传媒有限公司,哈尔滨,4.5-6千/月,,
Python/OpenERP,http://jobs.51job.com/shanghai-jaq/91601962.html?s=01&t=0,上海景鹄集团有限公司,上海-静安区,1.5-2万/月,,
Python开发工程师,http://jobs.51job.com/beijing/91293405.html?s=01&t=0,北京永信至诚科技股份有限公司,北京,1-1.5万/月,2年经验,本科
python开发工程师,http://jobs.51job.com/shanghai-hpq/83883517.html?s=01&t=0,上海微众信息科技有限公司,上海-黄浦区,1.2-1.8万/月,,本科
Python开发工程师,http://jobs.51job.com/xuzhou/91998847.html?s=01&t=0,江苏里仁软件有限公司,异地招聘,6-8千/月,,本科
Python开发工程师,http://jobs.51job.com/nanjing-qxq/85452754.html?s=01&t=0,南京趣讯网络科技有限公司,南京-栖霞区,0.8-1万/月,,
Python开发工程师,http://jobs.51job.com/shenzhen-nsq/85805430.html?s=01&t=0,广东深华消防设备工程股份有限公司,深圳-南山区,1-1.5万/月,2年经验,大专
PHP开发组长/python开发,http://jobs.51job.com/guangzhou-yxq/84850028.html?s=01&t=0,广东任玩传媒股份有限公司,广州-越秀区,1.2-2万/月,3-4年经验,
Python/R语言数据挖掘工程师,http://jobs.51job.com/beijing-cyq/86185689.html?s=01&t=0,北京阳光伟烨网络技术有限公司,北京-朝阳区,1-1.5万/月,1年经验,本科
软件开发(java jsp odoo python),http://jobs.51job.com/chengdu-qyq/86280623.html?s=01&t=0,成都明格管理软件有限公司,成都-青羊区,6-12万/年,2年经验,本科
Python开发工程师,http://jobs.51job.com/shanghai-pdxq/91481035.html?s=01&t=0,上海汉朔信息科技有限公司,上海-浦东新区,1-1.5万/月,,
python 开发工程师,http://jobs.51job.com/guangzhou/70225350.html?s=01&t=0,广州市昊恒信息科技有限公司,广州,0.8-1.2万/月,1年经验,大专
Web后端开发工程师（PHP或Python程序员）,http://jobs.51job.com/kunming-whq/82260122.html?s=01&t=0,昆明微想智森科技股份有限公司,昆明-五华区,6-9千/月,,本科
Python开发实习生（西安）,http://jobs.51job.com/xian/79392506.html?s=01&t=0,绿盟科技,西安,100元/天,无工作经验,本科
Python开发工程师,http://jobs.51job.com/beijing-cyq/91557913.html?s=01&t=0,标贝（北京）科技有限公司,北京-朝阳区,1-1.5万/月,3-4年经验,本科
Python开发工程师,http://jobs.51job.com/guangzhou-thq/72712060.html?s=01&t=0,蓝盾信息安全技术股份有限公司,广州-天河区,0.8-1万/月,1年经验,本科
Python工程师,http://jobs.51job.com/hefei/90887669.html?s=01&t=0,安徽七天教育科技有限公司,合肥,0.8-1万/月,3-4年经验,大专
高级Python开发工程师（产品开发）,http://jobs.51job.com/shanghai-ptq/85538413.html?s=01&t=0,翔傲信息科技（上海）有限公司,上海-普陀区,1.5-2万/月,5-7年经验,
Python开发工程师,http://jobs.51job.com/jinshuiqu/87586020.html?s=01&t=0,郑州珑凌科技有限公司,郑州-金水区,5-8千/月,,
中级python后端开发,http://jobs.51job.com/shenzhen-nsq/91963922.html?s=01&t=0,深圳市华创科新科技有限公司,深圳-南山区,1-1.5万/月,,
python开发,http://jobs.51job.com/shanghai-pdxq/84528908.html?s=01&t=0,联车（上海）信息科技有限公司,上海-浦东新区,1.1-2万/月,3-4年经验,本科
Python开发工程师,http://jobs.51job.com/guangzhou-hzq/83003228.html?s=01&t=0,江苏点米网络科技股份有限公司佛山分公司,广州-海珠区,1.8-2.5万/月,,本科
Python Engineer（上海）,http://jobs.51job.com/shanghai-zbq/84917244.html?s=01&t=0,智慧芽信息科技（苏州）有限公司,上海-闸北区,1.2-2.4万/月,2年经验,
资深软件开发工程师 - Python/Java,http://jobs.51job.com/nanjing-yhtq/92010490.html?s=01&t=0,趋势科技（中国）有限公司,南京-雨花台区,1.5-2万/月,,本科
Python开发工程师,http://jobs.51job.com/beijing-hdq/92112437.html?s=01&t=0,北京腾信软创科技股份有限公司,北京-海淀区,1-1.5万/月,1年经验,本科
后端开发工程师（python、Java）学徒,http://jobs.51job.com/hangzhou/90922379.html?s=01&t=0,杭州码圈网络科技有限公司,杭州,3-4.5千/月,1年经验,大专
Python自动化脚本开发工程师,http://jobs.51job.com/shanghai-pdxq/89819398.html?s=01&t=0,上海时溪信息技术有限公司,上海-浦东新区,1-1.5万/月,2年经验,
python开发工程师,http://jobs.51job.com/beijing-ftq/79254558.html?s=01&t=0,尚正（北京）信息技术有限公司,北京-丰台区,0.8-2万/月,3-4年经验,本科
Python开发工程师,http://jobs.51job.com/shanghai-xhq/91263703.html?s=01&t=0,上海费芮网络科技有限公司,上海-徐汇区,,,大专
职位名,链接,公司名,工作地点,薪资,经验,学历
Python高级开发工程师,http://jobs.51job.com/beijing/92093552.html?s=01&t=0,北京世纪鹤图软件技术有限责任公司,北京,1.5-2万/月,,
python工程师,http://jobs.51job.com/suzhou-gxq/88392229.html?s=01&t=0,苏州橡木盾信息科技有限公司,苏州-高新区,3.5-4千/月,,
python(golang服务端开发),http://jobs.51job.com/changsha-ylq/84443182.html?s=01&t=0,北京炬鑫网络科技有限公司,长沙-岳麓区,1.5-2万/月,,
Python 开发工程师,http://jobs.51job.com/xian/90532019.html?s=01&t=0,西安奥百电子科技有限公司,西安,0.8-1万/月,,本科
Python工程师（初级）,http://jobs.51job.com/guangzhou-yxq/90831139.html?s=01&t=0,广州永霸信息科技股份有限公司,广州-越秀区,5-8千/月,,本科
Python中级开发工程师,http://jobs.51job.com/guangzhou-thq/89107575.html?s=01&t=0,广州世安信息技术有限公司,广州-天河区,1.2-1.5万/月,3-4年经验,本科
高级 Python 工程师,http://jobs.51job.com/shanghai-mhq/88420492.html?s=01&t=0,趣送信息技术（上海）有限公司,上海-闵行区,1.5-2万/月,3-4年经验,本科
Python开发工程师,http://jobs.51job.com/shanghai-ptq/86200249.html?s=01&t=0,上海旺翔文化传媒股份有限公司,上海-普陀区,1.5-2万/月,,本科
Python开发工程师,http://jobs.51job.com/hangzhou-bjq/86013646.html?s=01&t=0,联合永道（上海）信息技术有限公司,杭州-滨江区,0.8-1.4万/月,,本科
Python中级工程师,http://jobs.51job.com/xian/89190382.html?s=01&t=0,上海汉得信息技术股份有限公司,西安,0.7-1.4万/月,,
Python大数据开发工程师,http://jobs.51job.com/hangzhou-bjq/74701988.html?s=01&t=0,杭州合众数据技术有限公司,杭州-滨江区,1-3万/月,2年经验,
Python Developer - AAM701,http://jobs.51job.com/beijing-cyq/89968958.html?s=01&t=0,鲁信睿浩,北京-朝阳区,20-30万/年,1年经验,大专
Python开发工程师,http://jobs.51job.com/shenzhen/85366773.html?s=01&t=0,深圳百泰投资控股集团有限公司,深圳,1-1.5万/月,,
测试开发工程师（Python）,http://jobs.51job.com/hangzhou-gsq/89144996.html?s=01&t=0,浙江威星智能仪表股份有限公司,杭州-拱墅区,0.8-1.2万/月,2年经验,本科
Python研发工程师,http://jobs.51job.com/chengdu/91830520.html?s=01&t=0,成都之维安科技股份有限公司,成都,0.8-1.6万/月,,
Python开发工程师,http://jobs.51job.com/shanghai-hpq/87847467.html?s=01&t=0,钱咖网络科技（上海）有限公司,上海-黄浦区,1.2-1.8万/月,3-4年经验,
python课程总监/课程开发总监/研发总监,http://jobs.51job.com/shanghai-ptq/91157910.html?s=01&t=0,颐筠（上海）信息技术有限公司,上海-普陀区,1-2.5万/月,2年经验,本科
python/go开发,http://jobs.51job.com/shanghai-pdxq/81547174.html?s=01&t=0,上海方付通商务服务有限公司,上海-浦东新区,1.5-3万/月,3-4年经验,
Python全栈工程师,http://jobs.51job.com/shanghai-pdxq/91005933.html?s=01&t=0,上海跬智信息技术有限公司,上海-浦东新区,1.5-2.5万/月,1年经验,本科
软件开发工程师（c/c++/python）,http://jobs.51job.com/shanghai-pdxq/87520069.html?s=01&t=0,威盛电子（上海）有限公司,上海-浦东新区,1-1.5万/月,2年经验,硕士
python/Java 高级开发,http://jobs.51job.com/hangzhou/89745793.html?s=01&t=0,美国道富,杭州,1-2万/月,,本科
Python开发工程师,http://jobs.51job.com/xiamen/91573334.html?s=01&t=0,厦门不明觉厉网络科技有限公司,厦门,0.5-1万/月,,
Python开发工程师,http://jobs.51job.com/xian-blq/90059335.html?s=01&t=0,车装甲网络科技（北京）有限公司,西安-碑林区,0.8-1万/月,,
Python Web开发工程师,http://jobs.51job.com/zhongyuanqu/90478567.html?s=01&t=0,北京天晟通科技有限公司,郑州-中原区,0.7-1万/月,3-4年经验,本科
Python开发工程师,http://jobs.51job.com/shenzhen/89197445.html?s=01&t=0,中软国际科技服务有限公司,深圳,1.5-2万/月,3-4年经验,本科
Python爬虫工程师,http://jobs.51job.com/beijing-cyq/89432417.html?s=01&t=0,科盛数聚（北京）科技有限公司,北京-朝阳区,1-1.5万/月,2年经验,本科
Python开发工程师,http://jobs.51job.com/dongguan/91099974.html?s=01&t=0,龙兴投资控股有限公司,东莞,0.8-1万/月,3-4年经验,
PHP/Python开发工程师,http://jobs.51job.com/wuxi/83288126.html?s=01&t=0,无锡新游网络科技有限公司,无锡,1-1.5万/月,1年经验,大专
Python服务端工程师,http://jobs.51job.com/suzhou-gyyq/85999884.html?s=01&t=0,苏州思必驰信息科技有限公司,苏州-工业园区,1-2万/月,1年经验,本科
Python高级DevOps工程师,http://jobs.51job.com/shenzhen-nsq/91678545.html?s=01&t=0,深圳市泽林软件技术有限公司,深圳-南山区,1.5-2.5万/月,,本科
Python开发工程师,http://jobs.51job.com/beijing-hdq/92156554.html?s=01&t=0,北京泽塔云科技股份有限公司,北京-海淀区,2-2.5万/月,,
python高级大数据开发工程师,http://jobs.51job.com/shanghai-cnq/88243000.html?s=01&t=0,阿基米德（上海）传媒有限公司,上海-长宁区,1.5-2万/月,3-4年经验,本科
Python Developer,http://jobs.51job.com/shanghai-pdxq/81827880.html?s=01&t=0,上海毕波软件信息技术有限公司,上海-浦东新区,1.5-2万/月,,本科
Python程序员,http://jobs.51job.com/zhengzhou-jkq/83774020.html?s=01&t=0,郑州孜晗软件科技有限公司,郑州-经开区,3-6千/月,无工作经验,
软件开发工程师/实习生-技术储备（Java/Python） 西安,http://jobs.51job.com/shaanxisheng/85276150.html?s=01&t=0,西安创泰科技有限责任公司,异地招聘,6-8千/月,1年经验,大专
Python开发工程师,http://jobs.51job.com/shenzhen/83183372.html?s=01&t=0,深圳市瑞驰信息技术有限公司,深圳,0.5-1.2万/月,1年经验,大专
web后端开发（python）,http://jobs.51job.com/shanghai-mhq/81924898.html?s=01&t=0,上海闹谛畔⒓际跤邢薰司,上海-闵行区,1.5-2万/月,,大专
Python开发工程师,http://jobs.51job.com/chengdu-gxq/88948147.html?s=01&t=0,成都砰砰网络科技有限责任公司,成都-高新区,5-7千/月,无工作经验,大专
python工程师,http://jobs.51job.com/chengdu/82475150.html?s=01&t=0,高伟达软件股份有限公司,成都,1-1.5万/月,3-4年经验,大专
高级Python开发工程师,http://jobs.51job.com/shanghai-pdxq/76924259.html?s=01&t=0,上海傲硕信息科技有限公司,上海-浦东新区,1.2-1.8万/月,2年经验,本科
Python 开发工程师,http://jobs.51job.com/zhuhai-xzq/69898106.html?s=01&t=0,珠海轼域网络科技有限公司,珠海-香洲区,0.8-2万/月,2年经验,大专
python/java开发工程师,http://jobs.51job.com/shenzhen/89559686.html?s=01&t=0,深圳市掌世界网络科技有限公司,深圳,4-6千/月,,大专
Python人工智能,http://jobs.51job.com/shijiazhuang/91919974.html?s=01&t=0,河北奇酷信息技术有限公司,石家庄,6-8千/月,,大专
Python工程师,http://jobs.51job.com/shanghai-pdxq/86317565.html?s=01&t=0,上海载和网络科技有限公司,上海-浦东新区,1-1.5万/月,,
python开发工程师,http://jobs.51job.com/shanghai-xhq/77720675.html?s=01&t=0,上海世出商贸有限公司,上海-徐汇区,1.5-2万/月,,
Python/PHP开发工程师,http://jobs.51job.com/guangzhou/86537640.html?s=01&t=0,广州爱拍网络科技有限公司,广州,0.8-1.2万/月,,本科
python 开发工程师,http://jobs.51job.com/xian/91120754.html?s=01&t=0,陕西微众网络科技有限公司,西安,0.8-1万/月,3-4年经验,
运维开发工程师（Python）,http://jobs.51job.com/shanghai/88967293.html?s=01&t=0,上海容易网电子商务有限公司,上海,30-40万/年,5-7年经验,
Python开发工程师,http://jobs.51job.com/shenzhen/76152312.html?s=01&t=0,深圳市巴伦技术股份有限公司,深圳,0.8-1.2万/月,3-4年经验,本科
中级python工程师,http://jobs.51job.com/shanghai-pdxq/91437945.html?s=01&t=0,上海欧鸿电子商务有限公司,上海-浦东新区,6-8千/月,,
